dt_abertura,pk_data
30/07/2010,4815
10/11/1970,18199
24/04/2003,4824
28/05/1980,17258
09/02/2012,4829
14/02/2005,4833
25/05/1992,13868
24/10/2008,14670
05/10/1987,19511
14/08/1969,15039
22/12/2009,15097
14/11/1973,4852
06/01/2006,4855
04/08/1982,19627
12/02/1996,4859
06/04/2010,4861
30/06/2009,4863
21/03/1994,4866
11/08/1983,4868
30/03/1992,16152
16/10/1996,4873
24/03/1988,4875
30/09/1997,4877
20/05/1997,4880
11/08/1997,4883
20/02/1975,4885
10/06/1988,17489
21/11/2006,7795
15/06/2011,9113
30/08/2010,4896
12/12/2008,4898
25/08/2009,4901
16/08/1978,4904
30/03/1988,4907
16/10/1986,18197
17/10/1975,11962
09/01/1973,4914
30/12/1986,18368
07/06/2001,4918
06/06/1972,18482
28/11/2002,4923
15/07/1982,18790
03/05/1993,4928
12/01/2006,13761
01/03/2006,14614
02/01/1992,4934
05/02/1981,4936
31/10/1983,4940
13/01/2011,4943
09/12/1997,14926
11/09/1992,4947
20/05/2010,4949
17/09/1997,15009
20/04/1983,15035
29/01/1990,19566
22/11/1988,4957
13/12/1985,4960
04/09/2006,15135
13/04/1983,4964
08/05/2012,4966
14/11/2007,4968
26/08/2002,4970
16/09/2010,4972
24/03/2008,4974
30/11/1994,4976
12/06/1990,16445
04/07/2001,20200
09/02/1988,13035
02/06/1992,17110
23/04/2004,4986
03/05/2000,8556
28/05/1974,17211
07/12/2006,5966
28/06/2010,6499
07/12/1966,17439
05/04/2010,4998
16/12/2010,7651
14/05/2009,5002
22/12/2008,9486
01/06/2012,5006
17/11/2009,9172
09/10/1992,9591
01/12/2009,5011
16/08/2006,5014
18/05/2007,10241
03/09/1999,5018
21/11/1983,18048
08/07/2004,14969
11/07/2006,14236
19/02/2004,5026
23/08/1996,5028
25/09/1987,11419
15/12/2004,18195
11/01/1982,5035
11/04/2011,5037
05/05/2011,5039
18/09/2000,5041
03/01/2002,5043
16/04/1992,5045
06/09/2005,13658
23/06/1994,18431
04/08/2003,12959
20/09/2010,5053
22/03/2006,5055
05/02/1997,5057
16/09/2011,13050
30/12/1993,5061
24/11/2011,5063
14/05/1998,5065
20/05/1986,13441
17/07/1995,16039
05/01/2006,5071
11/08/2011,13641
13/12/1979,18807
31/01/1973,5077
08/02/2008,5079
28/05/2007,5081
10/01/2008,5083
20/10/2006,5085
04/08/2006,5087
20/03/2012,5089
05/08/1981,19016
27/10/2006,5093
23/06/1988,5095
03/05/1988,5097
15/02/2007,5099
07/11/2011,5102
27/09/1979,19073
05/05/1987,19178
01/03/2008,14057
01/11/1992,19310
30/09/2011,5112
14/01/1977,19414
05/01/1988,19430
28/06/1988,5118
24/11/1986,19825
13/07/2010,5122
19/02/2002,5124
28/06/2000,5126
31/12/2010,16195
30/03/1995,5130
25/08/2005,16230
11/04/2007,20041
12/03/1987,20095
29/03/2010,5138
11/10/1985,16399
17/04/2012,5143
04/04/1979,20169
29/11/1994,16543
30/01/2002,16595
01/06/1970,5151
23/06/2011,5154
29/08/1974,20235
11/12/2007,14938
05/07/2012,5159
14/02/1989,17078
19/09/2011,5163
06/04/1993,5165
12/11/2008,5167
17/03/2005,17106
27/01/2000,5171
24/12/1981,17140
09/10/1980,17144
24/01/2011,5610
17/03/2004,17152
14/09/2012,5183
08/03/2010,5819
23/12/2011,5187
28/06/2011,5189
03/06/1991,5191
19/01/1977,17223
12/11/1986,5912
29/05/2007,5964
29/06/1981,17232
09/07/2007,5201
27/11/1979,16818
07/11/1986,17271
18/07/2001,5206
23/11/2009,5208
29/06/2009,5210
12/03/2002,17420
31/01/1996,5214
18/08/1993,5216
25/06/2012,6782
31/10/2002,6954
06/10/2012,16215
22/10/1976,17476
03/02/1993,10473
30/08/1988,17556
29/03/1973,17564
25/01/2008,7618
06/09/1966,5233
07/11/1985,5235
22/12/1998,7836
21/08/1986,11205
12/12/2007,9929
06/08/1999,8467
22/08/1994,10799
13/10/1980,17772
29/07/2010,8622
15/06/2010,8853
12/08/1977,5253
05/01/2009,8957
12/03/1986,17818
27/09/1994,8971
24/03/2005,5261
14/11/1990,17836
19/08/1991,5265
25/07/1977,5267
25/07/2001,5269
15/09/2010,9291
21/09/1988,17866
26/03/2001,5275
25/02/1986,5277
07/12/2000,16359
07/07/1989,14167
06/12/1982,17922
17/10/1994,5285
04/08/1995,5287
30/10/2003,5289
13/09/2012,5291
17/09/2010,5293
17/09/2012,5295
23/07/2010,11307
31/08/2005,5299
30/09/1966,11459
01/08/2012,5303
27/10/1999,5305
16/01/1999,5307
22/04/1992,18201
11/07/1996,11579
22/04/1998,5314
05/10/2004,5317
15/08/2007,11842
07/08/1984,11958
26/05/1998,14911
06/04/2006,14948
20/04/1999,12364
02/10/2012,5330
14/08/2002,5332
28/12/1984,5335
30/08/2012,5337
22/01/2001,5339
12/11/1987,18378
09/01/1976,18392
15/04/1997,12609
20/05/1993,5347
01/07/1982,18405
25/10/2004,18414
28/10/2009,13627
19/03/2011,5354
13/04/2009,5356
19/05/2003,12719
13/09/2000,5361
18/08/1987,5363
29/11/1993,12939
17/06/1974,5367
22/07/2003,5369
26/06/2001,5371
28/12/2009,5373
28/02/1984,18522
05/07/2007,5377
12/12/1973,18538
05/03/1993,5381
06/05/2010,5383
10/11/1999,5385
10/11/1983,5387
12/09/1996,5390
22/01/2004,16013
13/09/2001,5395
29/12/1987,15397
16/11/1979,18597
22/03/1989,5400
03/09/1981,18633
18/08/2004,13328
01/07/2010,5406
13/10/1994,5408
17/08/1990,5410
06/03/2008,13445
17/12/2001,5414
13/12/1990,18698
29/08/2001,5418
16/04/2010,5420
18/09/2012,13548
27/12/1982,13562
21/01/2002,5426
27/05/2010,5428
02/06/2005,13634
17/01/1979,18755
25/05/1990,15091
11/12/1972,18782
03/09/1991,5438
31/07/2009,13656
12/07/2004,5442
19/10/2006,13702
14/04/1980,18799
04/07/1989,5448
30/05/2012,5450
01/08/1997,5452
01/03/2011,5454
03/03/1994,13913
26/10/1988,18928
18/09/1997,13965
05/04/1995,19059
24/05/1999,14205
01/08/2007,19071
15/04/1996,5468
31/10/2007,5470
22/08/1991,19098
10/01/1978,19127
17/12/1986,19141
01/10/1973,19168
11/05/2009,5481
26/08/2009,5483
25/03/2009,5485
27/02/1992,19211
18/08/1997,19220
08/03/2006,14327
10/11/2003,14423
11/11/2009,9333
03/03/2008,5496
28/01/1994,19287
12/04/2007,5500
17/02/2012,5502
21/01/1992,19332
12/02/1998,5506
10/04/1990,15005
05/02/1991,19380
18/07/1997,19075
09/12/1993,19149
22/12/1987,5514
06/02/2009,5516
04/03/2002,5518
31/07/2008,5520
20/09/1996,5522
06/09/1996,5524
30/10/1992,5526
19/08/2002,5528
02/12/1987,5530
04/11/2005,5532
31/07/1980,17130
10/05/2001,14580
21/01/1994,5537
06/01/2003,5539
19/02/1997,14647
20/03/1998,14654
27/10/2009,14658
30/09/2005,5547
08/11/2004,14675
30/01/1998,5552
24/06/2008,5555
26/08/1997,14749
04/09/2012,14801
21/03/2003,15781
09/04/2008,5563
15/07/2006,5565
03/08/1983,19486
29/03/2005,5569
31/01/2007,5571
09/01/1979,14839
18/04/1985,19509
23/09/1966,19544
17/10/2008,14936
09/12/1996,5581
11/05/2000,8442
03/10/1995,5584
05/10/1982,18583
26/04/1996,5587
11/06/1990,19702
21/05/1990,15298
12/08/1998,15333
26/08/1996,5596
17/05/2001,5598
15/04/2003,15370
05/05/2010,15441
06/05/2003,19724
09/05/1972,15998
14/03/2011,5608
29/03/2006,15475
10/06/2011,5612
11/02/2010,5020
07/02/1977,19758
19/02/1992,19783
18/11/2008,5619
05/06/1974,16418
13/05/2005,15487
16/07/2012,5243
11/06/1968,15498
12/02/2001,15531
28/09/2009,5629
29/11/2000,15558
15/01/1997,15568
02/07/2012,5633
01/02/1995,5636
27/07/1998,5638
05/04/1997,5640
31/01/1984,17159
06/02/1998,15588
20/04/2012,5645
13/02/1995,15620
04/02/2011,15656
06/01/2012,5650
20/08/2004,15704
17/06/1992,5654
13/02/2007,5656
21/05/2009,5658
05/01/2007,15714
01/06/2004,5662
18/01/1980,15736
21/08/2001,15770
01/09/2010,5668
05/01/2010,5670
25/01/1988,17681
27/10/2011,5673
26/10/2011,5675
25/03/1997,19893
07/02/2000,5678
05/01/1979,15056
18/06/2004,16069
01/12/2003,7493
10/09/2010,5683
26/05/1988,5685
11/04/1986,5687
04/06/1999,5689
24/10/2000,12952
03/02/1986,5692
13/11/1992,5694
29/03/1994,4945
30/09/1970,15860
03/04/1989,19923
22/02/1994,5702
03/09/1993,16022
30/07/1990,15942
05/08/2005,19933
20/06/2002,5709
22/04/2002,5711
04/06/1981,14465
25/07/1985,16055
06/09/2011,5716
02/02/2000,5718
14/02/2000,19972
17/10/1995,16113
26/12/1996,16156
09/04/1970,16203
18/07/1985,5728
09/02/2010,5809
14/05/1990,19347
20/02/2004,5732
04/01/2010,5734
31/10/2008,16209
16/08/2007,5738
28/10/1999,5740
20/07/1998,5742
09/12/1998,5744
20/04/2009,16270
05/04/2000,5748
05/12/2002,5750
16/03/1994,16295
27/10/1994,16314
02/10/1992,5756
04/06/1974,5758
13/11/1991,16335
30/12/2009,5762
10/03/1998,5764
13/07/2007,5766
29/11/1985,5768
06/03/1974,20102
17/06/1988,5772
07/10/1983,20123
12/01/1973,20139
07/10/2002,5778
01/12/2000,5780
04/10/2000,5782
31/03/1975,20167
26/09/2012,5785
09/06/2009,5787
13/11/1996,5789
15/12/1998,5791
23/09/1970,5794
30/10/1997,5796
22/11/1999,5798
05/05/1986,16441
06/06/2003,5802
14/05/2003,5804
08/11/2006,5806
25/06/1991,18986
13/02/1992,20174
27/04/1995,16511
06/08/2001,5813
10/08/2001,5815
14/10/1996,16549
23/02/1995,20192
12/02/2010,5281
22/07/1966,19819
18/01/2008,5823
07/05/1999,5825
13/11/2011,16584
23/10/1987,20231
27/03/1995,5831
31/08/2010,4996
09/06/2011,5835
13/12/1995,5837
12/11/1976,16717
21/11/2011,5839
05/09/1989,16723
20/08/1975,5844
08/09/2004,5846
18/04/1986,17090
24/08/1973,15626
12/12/1978,16738
08/10/1991,16751
13/10/1983,5854
07/12/1992,16763
28/10/2008,5858
11/09/2008,5860
30/03/2005,5862
10/12/1999,14254
17/03/1998,5774
10/05/1993,16775
29/07/1980,16767
23/01/1991,16786
05/06/1992,16791
19/08/1982,16814
06/11/2008,5875
09/05/2007,15452
30/03/2009,5878
13/02/2009,5880
12/09/1990,14402
16/06/2006,5883
06/03/2009,5885
21/06/2010,4953
18/03/1977,16858
06/06/1990,16261
29/08/1979,5892
12/06/1987,16869
11/09/1987,5896
27/08/1990,5898
04/06/2007,5900
23/11/2011,5902
10/12/2004,5904
18/01/2005,6664
02/06/2009,5908
27/03/1996,5910
06/11/2009,5250
21/11/1994,16473
14/12/1979,5916
06/03/1981,5918
17/12/2003,5309
24/09/1985,5922
13/01/1993,5379
10/10/1991,5926
25/05/1981,16943
15/01/1980,5930
17/05/1988,16960
06/04/1983,16962
29/04/2011,5936
27/03/1992,16982
03/09/2001,5940
06/10/1976,16987
08/05/1992,16991
08/08/1984,16998
17/01/1986,17001
20/11/2007,5950
17/03/1970,17009
03/08/1978,17014
09/03/2005,5956
30/08/2006,5958
25/03/2006,5960
01/10/1978,17031
15/01/1992,15666
29/12/1993,17042
13/04/1999,5968
17/08/2011,5067
27/11/1970,17057
02/11/1988,17063
28/01/1986,17072
01/08/1978,17074
21/07/2005,5980
09/12/1992,17766
18/05/2010,5049
22/04/1994,17247
03/02/1977,14992
12/02/2003,5987
04/07/1995,5989
09/08/1993,17307
19/01/1994,16841
21/02/1995,5994
24/04/1997,6162
09/12/1999,15502
30/01/2009,6232
10/09/1996,6001
05/01/2011,6003
28/03/2006,11702
14/02/2011,6295
04/05/1976,17280
19/10/2010,6303
23/11/2006,6335
11/04/2012,6014
28/10/1993,16598
28/09/2012,6428
19/12/1966,17367
12/05/1983,19422
28/06/1968,17054
23/02/1984,17016
10/05/1991,6532
11/08/2008,6584
25/04/1977,17406
27/02/1989,17199
11/01/2010,5319
10/08/2010,5873
21/07/2000,6639
22/08/1996,6034
04/02/1987,17427
10/07/1997,6038
21/12/1992,6692
27/07/1999,6042
01/08/1989,6780
16/10/2012,6806
03/07/1987,5321
01/06/1999,15681
16/06/1980,6922
07/03/1991,6052
25/10/2007,6054
23/06/1989,17455
08/05/2000,7148
16/02/1995,6060
10/01/2012,6062
01/02/1996,16205
14/10/2004,5271
04/02/1972,17465
18/09/2006,6068
07/05/2009,6070
12/09/2006,5349
26/11/1997,6073
15/12/2011,7068
02/09/2005,6077
10/11/2005,7181
27/08/1991,6081
09/05/1980,16413
06/11/2001,6084
25/09/1991,6086
13/10/2009,7217
17/03/2009,6090
20/04/1998,7260
29/05/2006,15874
19/09/2008,7281
03/06/1988,6097
19/06/1997,10353
20/08/2010,7408
27/09/2005,5976
26/08/1966,17544
17/06/1975,19269
11/05/2010,7474
08/04/2002,6109
17/12/2010,7516
21/08/1987,7529
10/12/2009,6115
16/04/2001,6117
24/10/2006,6119
31/01/2012,6121
21/01/1997,17568
28/07/2004,17573
16/10/1980,17581
14/09/1994,6129
05/09/1994,6131
13/07/2004,6134
22/01/2010,7772
19/08/1994,17610
05/06/2000,16467
05/11/1987,17485
23/11/2010,7860
11/01/2000,6145
10/08/1994,7991
16/12/1999,6149
23/06/2004,18180
04/05/2012,6152
18/05/2004,6154
31/10/1997,19418
28/06/2012,5116
27/08/1996,8121
17/04/1995,17653
17/07/2000,17660
12/01/1987,8206
06/04/1984,12491
17/04/2002,6168
15/12/1987,6170
15/04/1987,14663
15/12/1994,6173
01/03/1999,6175
09/09/1985,6177
09/05/1986,6180
27/07/2001,6182
03/07/2000,6184
04/05/1990,17710
18/05/1983,17712
03/12/1985,11607
10/12/1974,17732
23/05/2008,14489
23/09/2009,6196
08/04/1988,6198
22/09/2003,6200
17/01/2001,6202
05/03/2010,8591
20/05/2003,6206
17/01/2002,17760
08/01/2004,6210
27/08/2008,6213
14/06/1977,19319
01/02/2000,6217
22/03/2001,6219
29/08/2003,6221
03/12/1992,17774
17/04/1979,6225
10/01/2011,8635
02/04/2003,5212
11/10/1999,6230
03/08/2010,8659
14/03/1985,8811
11/01/1985,6236
08/03/1996,6238
01/11/1997,6241
03/12/2001,16283
07/03/2003,8910
14/02/2001,15054
15/09/1988,13815
01/03/1977,16980
11/12/1996,6251
21/05/2001,17820
26/08/1991,6255
22/05/2002,8976
01/09/2000,6259
09/12/2011,6261
12/03/1991,13704
31/07/1986,17027
16/09/2005,6267
14/09/2006,6269
03/03/1986,16566
04/09/1998,9323
13/04/2004,12536
28/02/1991,19162
22/11/2011,6278
16/12/2011,6280
22/02/2010,9435
21/11/1995,6284
01/01/1979,9585
23/05/2000,6288
30/07/2004,17880
18/05/2012,5227
08/05/1996,9644
30/05/2005,17888
10/06/2009,6297
06/12/2011,6299
24/05/1995,17906
03/11/2010,9825
24/09/2010,6305
27/08/2010,6307
14/03/2005,9885
17/07/2008,9901
26/08/2008,6313
21/10/1994,10056
08/02/2011,6317
15/03/2010,5047
13/11/1995,16905
14/03/2012,6321
27/07/2004,5432
10/03/2008,6324
25/04/1979,16281
25/05/2011,10228
02/09/2010,6329
18/11/1996,10385
22/11/2008,6333
04/07/1990,10470
16/08/2010,6337
07/01/2002,6339
19/01/1993,18003
20/02/1984,18024
19/05/1989,6345
02/09/2009,6347
16/01/2002,6349
17/08/2009,6351
14/07/2006,6353
10/01/1994,6355
23/11/1973,18038
07/02/1991,6246
21/05/1968,18042
21/10/2009,10617
31/07/2012,6365
10/03/2004,6368
24/05/1994,11864
15/02/1979,18058
29/11/2006,6373
09/03/2004,18079
23/01/2007,6377
09/08/1972,18103
17/07/2007,6381
09/08/1985,18107
11/10/2006,6385
24/01/2005,6387
17/11/2005,6389
04/03/2012,10988
19/10/1999,11053
29/01/2009,6395
30/12/2008,6397
26/01/1989,11096
29/09/2011,6401
01/10/2010,11261
23/08/2007,19217
17/09/1992,11294
16/07/1979,18166
08/07/2011,11475
29/11/1991,14715
25/10/1995,16392
29/05/1991,6417
31/03/2011,11600
22/08/2002,18372
01/12/1994,6422
06/04/2011,6424
04/03/1994,11785
17/08/1998,14661
21/01/2005,6430
14/05/1981,18265
17/12/1996,6434
26/02/2009,11949
04/12/2009,6438
28/05/1996,12655
01/03/1992,17380
29/12/1998,19750
15/09/1995,11492
23/04/1990,12108
17/05/2011,6447
30/06/2011,5602
26/02/1988,18297
25/06/2008,16136
13/12/2004,6454
14/04/1997,5177
12/04/1994,6457
12/12/1996,6459
10/10/1994,6461
21/08/1984,15726
15/08/1988,6464
22/02/1983,16850
24/08/2010,12343
28/08/2000,6470
01/08/1979,17506
17/10/1986,18335
24/07/2007,18138
21/05/1986,18339
30/03/2000,12418
31/05/2006,6481
19/10/2001,6483
15/01/1969,18370
21/05/1997,18376
11/06/1980,18387
09/02/1981,6491
03/08/1979,18394
15/07/2012,6495
22/10/2003,6497
17/01/1992,12597
20/09/1966,18398
15/10/2011,6503
16/06/2004,6505
01/04/1998,13422
07/10/1994,19116
21/01/1998,16603
11/07/1969,17693
01/04/1977,6512
22/01/1997,6515
28/09/1985,6517
26/11/1986,18259
18/03/1999,6520
21/09/1989,6522
17/08/1987,6524
29/04/1983,6526
05/03/2009,6528
28/04/1975,6530
20/12/2011,12704
26/09/1983,6534
29/03/2000,15462
15/09/1986,18437
06/06/2006,10052
03/06/2009,6540
01/08/2011,6542
01/04/1993,17651
24/04/1995,18463
04/11/1994,14344
21/10/1974,18473
01/11/1990,5326
08/11/1993,6551
16/08/1995,6553
21/09/1998,16343
24/02/2011,10531
13/11/1987,18484
13/09/1991,14837
14/07/2010,6562
10/06/2010,6564
03/12/1997,6566
29/05/1998,6568
01/07/1998,6570
30/06/1999,6572
04/05/2000,6574
03/05/2012,5746
04/11/2003,6578
19/03/2010,13081
20/05/2011,13094
17/06/1980,18543
19/04/2010,5398
18/06/2010,6587
22/04/2004,17571
01/09/1977,18555
16/09/1991,18564
21/12/2007,13159
31/05/2012,6596
29/03/1988,6598
23/11/1976,18576
13/11/1997,13271
25/08/1986,6604
19/03/1996,6607
12/08/1987,18587
30/11/1998,6611
18/01/1982,18686
14/03/2008,14983
27/02/1980,16887
25/06/2007,6617
29/08/1991,18613
08/10/2010,6621
18/02/1988,6623
26/09/1974,18622
24/05/1978,18629
29/12/1980,6629
11/03/1997,13417
22/05/2001,6633
18/11/1977,13430
29/01/1993,6637
05/11/2008,13437
11/06/2002,6641
08/07/2010,5606
19/07/1985,15722
25/04/1991,18208
14/11/1996,18689
07/12/1984,18694
03/11/1992,19382
23/09/2010,6653
20/11/2011,6655
20/12/2002,13474
29/06/2000,13506
06/06/1988,6661
11/08/2009,5462
01/09/2004,13519
29/02/2008,6666
11/02/1981,10189
29/07/2005,13536
26/05/2011,5617
20/03/2008,14260
08/11/2010,14313
18/04/2011,6674
24/10/1973,17994
19/02/2010,6677
31/03/2008,13555
23/04/2003,14014
24/03/2012,6682
11/06/2003,13569
11/09/2006,13582
18/12/1991,10322
09/11/2001,6689
19/07/2000,5179
26/06/2000,13590
04/08/1997,6694
04/05/1993,17059
19/10/1982,6697
25/02/1977,18719
24/11/2004,14532
03/03/2009,13599
05/06/2001,6704
11/05/2004,6706
27/12/1993,6708
04/02/2005,6710
20/02/1981,6712
12/10/1977,18729
03/11/2000,6716
30/05/1988,18735
12/05/2008,13644
13/04/1993,14895
20/12/2006,6724
12/02/1993,6726
02/09/1991,6728
10/08/2009,6684
06/02/1973,18765
08/08/2000,6733
27/06/2000,6735
23/08/1999,5615
04/09/1981,18520
15/12/1986,18776
21/04/1987,18786
16/10/2011,13650
12/07/1990,13682
11/05/1994,13694
03/08/2004,6749
23/02/2005,5952
28/11/2003,6753
25/02/2000,20228
14/05/2007,6756
02/03/2006,6379
30/04/2003,13707
06/09/2010,12553
05/04/2006,6762
11/04/2006,6764
20/12/2007,6766
02/05/1989,14672
13/12/2007,6769
20/01/2006,6771
31/03/2006,6773
19/10/1992,19531
25/06/2002,6776
10/12/2002,6778
04/06/1975,18826
29/08/1989,18832
22/10/1993,6286
01/06/1978,18845
06/05/1986,18858
21/11/1997,13752
11/11/1974,6791
19/06/2006,10552
11/03/1986,6794
26/10/1971,18095
19/07/1996,6797
30/01/2008,15633
20/09/2006,6800
12/03/2003,6802
17/05/1999,13794
23/09/1996,13809
24/04/1998,6808
01/10/2009,6809
18/06/1970,13833
31/12/1996,6813
06/02/1969,13853
15/12/2010,8641
27/10/2005,13875
30/08/1993,18848
08/11/2002,18869
02/08/1994,6823
24/09/1987,18443
10/08/1982,13845
19/07/2010,4846
22/07/2011,6828
13/11/1985,13904
27/10/1998,6832
11/02/1998,6834
09/01/2001,18883
07/01/1975,18891
09/06/1994,6840
23/02/1989,13930
15/05/2012,5643
01/02/1994,6845
27/11/1967,18920
04/01/1983,6849
07/01/2008,11150
08/09/1998,6852
31/10/1990,17253
28/04/1988,18935
16/11/1992,6857
29/04/1994,18943
01/10/2008,16397
27/06/2011,6862
09/06/1992,13947
12/10/2011,5664
22/04/2012,13953
09/06/1982,13961
13/04/2011,7223
14/09/1990,13979
26/01/1981,17722
26/04/2012,13985
01/06/2009,6877
30/11/2009,5434
21/11/1991,6880
14/07/1987,14000
27/12/2006,6884
14/06/1972,6886
20/09/2012,6888
21/02/1996,6890
16/06/1998,6892
19/03/2002,6894
22/10/1984,18974
17/06/1991,17422
16/04/1980,18978
03/11/1987,18980
04/01/2008,8985
26/02/1987,6903
13/10/1981,18704
16/11/1989,18989
14/03/1974,18997
16/11/1995,6910
05/06/1995,6912
02/09/1981,6914
12/11/1981,19004
18/05/1989,19185
13/11/1974,19009
15/04/1974,19014
01/09/1995,6924
15/07/2010,5842
26/10/2005,9827
26/07/1991,15219
11/10/2002,19044
22/03/2004,6932
25/07/2011,14036
14/08/2003,6936
23/09/1998,18191
28/10/1998,6939
11/12/1997,6941
07/08/1979,18531
13/05/1985,6944
08/09/1988,6946
27/11/2007,14076
13/10/2008,6950
13/07/1994,14091
24/02/2003,14113
12/09/2010,6956
20/08/1993,6958
14/06/1995,17952
22/10/2010,6961
04/01/1996,6963
11/07/2008,6965
07/05/1993,6967
04/11/1966,6969
24/01/2006,6971
25/05/2010,4891
02/05/1996,6974
23/05/2007,12338
24/01/2000,14185
17/03/1989,14189
08/05/2004,14198
06/06/2000,14223
07/08/1978,6985
29/10/2003,6987
02/08/1996,6989
22/01/1993,5263
27/06/1996,6992
16/03/2010,6994
08/02/1994,19079
23/04/1976,19083
08/03/1977,19094
01/12/1969,13991
18/10/1991,7003
09/09/1986,19102
27/07/1972,19111
18/09/1990,7009
04/10/1979,19123
05/11/2003,14234
02/07/1993,7015
16/08/2008,18213
16/08/1999,7018
19/12/2001,14271
23/05/1996,14293
16/05/1996,7024
08/07/1986,19138
27/04/1972,19145
14/05/2002,7030
08/01/1982,14296
27/01/2011,7034
08/03/2001,15222
14/03/1989,19164
03/08/1995,13700
19/08/1985,19180
19/01/2011,7042
30/08/2002,7044
05/03/1980,19224
26/11/2002,7048
29/08/2011,14315
17/04/1984,13587
24/02/2005,14320
22/11/1977,17082
06/05/1996,7057
23/10/2010,7059
28/11/1975,14360
28/02/2010,7063
17/07/1990,14376
11/12/1991,14728
25/03/1994,14398
18/02/1987,7070
09/06/2008,7072
29/08/1995,19234
17/02/2011,7076
10/10/1985,16827
21/06/1999,16107
03/10/2002,14431
01/02/2007,14451
06/07/2007,13847
03/10/2008,14453
15/08/1979,18972
24/10/1991,14468
09/06/1975,19261
23/06/2006,5114
26/05/2008,7093
01/08/2006,5888
12/02/2009,12347
24/03/1982,18068
02/02/1990,7098
11/11/2011,6399
29/06/2011,5128
26/11/1984,16045
09/12/1983,19281
13/05/2009,13687
19/06/2010,12626
06/01/1983,19290
29/09/1993,19302
25/02/2008,7112
14/05/1992,19315
09/12/2006,7116
04/01/2007,7118
07/02/1996,7120
13/06/2007,7122
25/08/1992,19833
03/08/1989,19330
28/05/2002,7127
28/04/1981,16964
23/06/1998,14491
22/11/2006,7132
21/11/2005,7134
07/06/2005,7136
19/09/2003,7138
12/01/2001,14549
24/06/1983,19354
19/01/2009,7144
23/01/1979,19357
19/09/1990,15724
30/09/1988,19363
20/08/2009,7152
15/12/2006,7154
22/08/1966,7156
23/09/2004,7158
27/12/1988,19399
30/10/1978,19404
02/02/1994,13434
22/12/1988,19409
12/01/1988,7167
09/11/2000,7169
29/03/2012,4836
07/05/2007,7172
31/08/1982,7174
19/06/1990,7176
13/10/2006,6920
29/09/1986,19420
12/04/1979,19424
23/08/1990,19428
17/09/1999,19434
25/09/1969,19640
05/09/1995,14574
18/01/2007,7191
24/04/2007,14601
14/08/2012,6391
23/02/1976,18830
07/07/2005,14617
16/01/2008,7199
13/05/2010,7201
11/03/1980,19387
04/06/2012,6409
18/02/1999,7205
16/07/2011,15946
27/10/2000,17349
11/02/2009,14681
22/03/1993,14687
27/08/2003,14692
28/05/1986,7215
02/07/1997,14706
19/12/2008,7219
03/07/2008,19451
18/02/1977,14718
06/02/1979,14720
15/05/1985,18172
08/09/2006,6948
30/08/1966,18109
23/06/1993,7230
01/07/1993,16867
01/04/2011,7233
26/05/2004,16917
19/03/1999,14745
28/05/2008,7238
30/07/1996,14751
02/09/1999,14762
31/05/2011,7244
20/04/2011,14776
18/08/2008,14781
03/07/1997,14791
29/12/2003,7252
14/01/2002,14806
10/09/1980,18566
01/03/2005,15540
18/07/2002,14171
20/10/2003,19458
19/10/1995,7262
19/01/2006,19935
25/08/2011,7061
25/11/1983,14139
13/08/2009,14830
30/11/1984,7269
09/04/1984,19477
09/06/1983,7273
05/06/2012,6046
07/04/1978,19484
05/12/1994,7279
11/12/1979,19492
22/02/1990,17453
18/01/1999,7284
07/07/2012,7286
18/06/1987,19498
11/12/2000,14834
20/10/1981,11011
20/05/2002,7294
25/09/1997,7296
13/11/1979,18792
24/10/2011,5075
23/05/2006,14846
06/06/2005,14859
05/07/2005,14867
05/04/1991,7307
30/11/1988,14885
27/12/1977,19568
17/07/2012,7312
24/02/1987,7314
01/01/1991,19338
16/03/2006,7317
30/12/1987,7319
07/06/1995,7321
28/12/1987,7323
11/01/2011,7325
16/03/2012,6101
01/06/1995,13805
10/05/2004,7329
07/05/1971,7331
25/02/1994,7333
02/06/1987,19525
17/10/1997,19836
04/08/1986,7339
27/09/2000,7341
09/11/1990,19541
30/05/1997,10273
25/10/1994,5033
25/05/2001,7346
21/09/1999,7348
09/07/2002,7350
20/12/1983,18160
06/05/1997,6276
17/06/1986,7354
05/05/2009,7356
23/02/1981,18856
17/04/2004,7359
30/09/1968,13840
09/06/1999,14961
06/11/2003,7365
17/02/2004,7367
16/09/1997,7288
03/02/1983,18185
08/02/2002,14972
24/07/1986,7373
08/12/1998,14978
03/11/2009,12448
08/04/1996,14980
21/05/2004,7380
24/05/2006,14988
05/03/1987,15827
14/06/1991,7385
01/08/1986,18692
22/07/2009,7388
04/04/2008,5508
11/04/1988,18439
17/11/1987,19257
11/03/1993,18419
30/11/1979,18547
06/12/1990,18036
14/10/2010,15001
07/11/2002,7398
08/07/1991,18778
10/04/1991,7401
10/12/2011,15017
11/01/1988,19325
10/10/1997,7406
14/07/1999,15019
16/11/2005,7410
07/08/1980,17236
05/02/2002,15037
09/07/1990,15041
02/10/2001,15048
12/01/1983,15052
24/09/1970,7421
07/12/2001,15058
14/07/1998,7425
18/09/2009,15070
24/08/1983,7429
10/07/2008,9814
03/03/1999,7432
25/04/1990,19109
08/03/2004,7435
13/07/1998,15125
10/10/2008,7439
25/11/1980,7441
27/06/2007,6248
10/07/2011,15081
11/12/1998,13614
12/09/2003,7447
08/02/2000,15107
20/12/1984,19136
20/08/1987,19096
18/09/2007,7453
30/03/1987,15127
08/08/2007,7457
31/01/2002,15137
09/05/2003,14169
22/06/1994,14414
27/06/1988,14002
14/11/1980,7464
30/05/2003,5776
15/06/2012,7065
20/10/2010,7469
17/05/2004,7471
29/09/1976,14561
17/09/1981,15151
21/10/2010,4955
17/11/2000,15156
20/04/1972,7479
29/10/1979,19769
09/03/2012,7482
31/08/2011,7484
03/09/1968,19255
14/12/2006,7487
12/01/1994,7489
05/03/2003,7491
26/04/1983,19604
21/09/1978,7495
07/03/2006,7497
04/10/2005,7499
01/10/1991,7501
16/01/1974,20115
24/04/1996,7503
23/10/1989,7505
27/03/1990,7507
29/03/1993,19623
23/01/1986,7511
11/11/1975,18518
09/09/1975,7514
19/07/1993,19632
23/05/1997,14756
23/10/1991,7519
07/07/2006,7522
07/06/1982,19634
16/07/1981,19636
28/05/1987,19642
11/03/2004,7531
19/09/2012,7533
12/01/2010,7535
26/08/2003,7537
15/01/2001,7539
13/01/1997,7541
08/01/1990,19651
28/04/2006,7545
02/08/2012,5493
18/08/1981,15190
15/01/2007,15197
31/07/2001,14881
25/02/2003,7553
19/01/2005,7556
05/02/1986,15202
27/08/2001,15210
30/11/2006,6952
31/07/1991,15639
23/08/1989,14793
03/12/1998,9499
25/10/2000,7566
27/07/2010,14200
16/11/1978,19204
03/04/2012,5110
12/02/2008,7572
08/12/1989,18502
17/07/2011,7575
05/03/1992,13849
19/07/2007,15240
03/04/1975,17067
21/12/2011,15242
29/01/1991,7583
19/04/1994,17061
28/10/2011,7586
23/01/1980,15326
28/01/1993,14724
05/12/1989,19669
05/01/1978,19675
02/05/2011,4980
30/10/1987,7595
08/04/1968,19681
24/03/2011,7599
29/01/1987,19698
30/07/2009,7603
27/06/2012,6558
20/05/2009,7606
28/05/2004,11287
04/10/2004,15273
17/11/1997,20085
27/10/1995,16668
21/04/2012,14694
27/10/1975,15302
12/08/1981,15310
07/07/1986,15312
15/01/1998,7620
03/02/2012,7622
23/11/1994,7624
30/05/1995,7626
05/05/1988,15331
30/07/2011,7630
29/01/1980,15352
17/11/2006,5561
30/06/1998,14611
13/10/2010,7636
09/05/1995,19714
15/06/1983,19717
20/07/1984,19507
09/02/1982,19721
03/02/2005,4951
23/08/1994,15363
13/10/2011,4978
09/11/2009,15750
20/05/1980,19125
14/01/1968,19863
21/06/1971,15375
13/03/2007,5436
04/12/1996,15387
31/08/2007,7189
22/10/1990,15401
07/05/1998,7371
17/05/1991,7660
27/08/2011,7662
20/09/1991,18512
06/06/1991,7665
11/08/2006,8246
10/08/2011,5498
01/11/2005,15984
02/06/1981,17784
07/03/1977,19505
10/11/1993,7672
07/02/1985,17986
21/10/1975,7675
12/08/1966,18654
21/11/1969,15434
23/10/1997,7680
29/06/1990,7682
20/04/1994,7684
22/02/1989,15224
28/07/1986,17094
20/06/1989,7689
11/12/2011,7691
15/01/1988,19735
30/08/2004,12526
14/07/1986,18123
22/09/2011,7697
12/05/1975,7699
22/05/1997,7701
08/11/2007,13764
25/07/2012,6899
02/05/1998,7707
10/09/2008,7525
16/07/1996,14823
05/10/2006,15458
26/07/2002,14309
30/09/1991,7715
26/03/1992,7717
18/01/2011,15652
01/06/1987,17956
29/07/1999,19739
12/12/2002,7723
06/04/1999,7725
10/09/2001,19752
13/01/1999,7729
31/03/1998,7731
27/08/2009,7733
27/05/1977,7735
09/03/1977,19773
03/05/2004,7739
18/05/2001,7741
24/09/2009,7743
19/07/2006,5375
26/06/2009,7746
09/04/2003,8845
28/11/1983,7749
11/01/2007,7751
06/01/2010,7601
12/09/1988,19570
27/04/1993,16010
22/07/2005,7756
04/04/1994,19797
10/07/2003,15491
28/04/2008,7762
20/10/2004,7764
02/08/2004,20056
02/08/1999,7767
17/02/1997,7769
29/01/1998,14571
14/11/2011,15506
28/11/1988,19170
31/12/1997,15529
18/07/2005,15536
08/02/2006,7781
10/04/1974,7783
23/11/2000,14282
23/03/1981,7786
29/01/1996,7788
25/11/2003,7790
23/02/1977,18210
16/12/2008,7793
08/04/1999,15561
14/07/2004,18721
06/04/2005,15228
29/03/1974,7800
04/12/1989,7802
11/03/1992,19799
16/06/1999,5971
20/03/2009,7807
08/07/1987,14142
14/08/1997,7811
23/07/2012,6257
18/02/1986,7814
25/04/1988,7816
05/07/1991,7818
13/11/2000,7820
05/08/1991,7822
16/01/1987,7824
30/04/2012,7826
10/03/2005,7828
01/11/2000,7830
28/12/1977,19614
07/07/1975,19839
04/04/2012,5328
15/06/1990,15575
19/06/2000,6188
03/12/1979,7839
20/03/2007,7842
29/05/2002,7844
01/08/2003,7846
08/02/1974,15675
18/09/2010,15687
05/11/1996,7852
06/09/1979,19580
16/06/2012,7855
23/12/2009,7857
07/06/2010,6007
11/11/1985,19854
23/10/1986,19299
02/12/2011,7863
01/04/1996,15472
01/06/1993,19294
04/05/1998,7867
31/10/1978,19692
28/07/2010,7870
12/07/2006,15712
07/05/2011,7874
16/10/2009,7876
04/01/1993,15730
31/08/2009,14157
23/12/1999,14631
28/05/1997,19453
04/05/1982,18788
14/05/2004,14914
25/06/1996,7885
25/11/1993,16839
26/06/1992,15748
17/02/1989,10292
01/03/1978,18995
09/06/2003,7892
05/06/2006,4930
24/01/1996,7895
21/10/2005,7897
18/03/2011,7899
27/07/1982,19596
06/10/2009,7902
23/05/1972,19868
13/10/2005,7906
04/09/1987,15776
18/08/2009,7910
14/12/2007,7912
11/04/2000,7914
05/07/1990,15790
15/09/2008,15829
17/01/1996,7919
02/02/2005,7921
19/12/1989,14238
13/06/2000,15795
22/11/2005,7926
26/10/1983,7928
31/07/2000,18801
31/01/1997,7931
20/09/1989,16089
17/07/1997,19883
13/11/2006,11917
08/09/1980,19891
20/09/1984,19895
18/12/1979,19901
10/09/1993,19906
24/05/1977,16972
07/04/2003,7946
13/08/2007,7948
11/07/2005,7950
16/02/2005,7952
18/08/2011,7954
12/12/1988,19794
02/12/1993,16843
03/01/2005,7959
19/11/2009,7961
04/05/2007,7963
14/02/2006,7965
21/02/2008,7967
12/11/1985,15845
03/08/2005,7971
17/11/2004,7973
22/11/1991,19304
31/05/2005,7976
07/05/1990,17369
02/07/2008,12758
30/11/1990,18533
06/08/2002,8920
17/08/2005,7982
12/11/2007,6537
23/05/2003,17177
13/12/2011,6104
16/10/2003,16589
10/11/2011,6282
16/03/2009,15858
08/10/2002,15871
10/03/2010,7993
20/11/2003,7995
23/03/2000,7997
18/11/1974,7999
08/06/2011,8001
05/02/1996,11630
08/04/1987,19919
18/05/2000,16002
30/10/2009,8007
26/09/1996,8009
09/03/2011,8011
23/02/2010,6485
21/06/2005,15315
14/04/2011,8015
15/03/2006,15934
07/02/1994,8019
10/10/2007,8021
18/07/1989,8023
17/09/2002,15953
05/11/1985,18153
23/06/1981,15975
14/05/1999,15122
23/01/2008,16017
26/02/1981,16863
01/04/2005,16881
16/06/1989,16024
28/08/1991,17560
24/08/1999,14774
11/10/2012,13110
01/07/1988,19081
11/06/1996,8041
21/06/2012,8043
02/12/1996,8045
31/05/2001,8047
05/04/2011,8049
10/09/1986,8051
11/10/1996,8053
17/04/1990,20033
20/08/2008,16049
11/11/1999,16062
21/10/2006,16636
10/01/1991,8061
16/06/1981,19957
13/02/2008,16500
27/09/1996,16087
11/11/1990,16095
23/03/1982,17238
23/11/1995,15504
09/05/1997,8072
05/08/1993,16103
08/07/2012,8076
30/12/1998,19977
08/07/1994,18227
14/11/2008,14857
08/03/1983,16006
02/03/1978,19990
20/01/1981,15252
07/04/2000,8086
26/09/2001,16150
19/10/2011,8090
26/06/1975,8092
04/10/2011,8094
03/12/1991,8096
07/10/1988,16201
29/06/1989,8100
08/10/1987,18433
12/11/2004,6864
25/10/2002,8104
12/05/2006,8106
12/07/1993,8108
15/05/1986,20005
06/02/1990,20010
23/06/1977,20018
27/07/2012,15510
24/07/1989,18453
02/08/1988,19500
17/08/1970,20020
30/07/2007,20029
16/05/2005,7774
16/09/1987,19954
28/10/1983,19416
28/08/2002,13538
09/01/1998,8127
16/08/2004,8129
30/07/1998,7423
11/11/1998,8132
27/05/1991,16523
02/05/1988,17674
24/09/2001,8137
26/11/2008,8139
12/11/1992,19342
18/04/2005,16224
10/04/2000,16253
30/04/1992,19778
08/11/2011,6027
28/07/1987,17691
30/06/1988,16266
13/09/2007,8151
27/11/1995,7378
17/11/1981,19323
24/06/2004,14726
24/02/1972,8156
13/05/1987,8158
30/10/2008,5000
17/08/1992,16285
08/04/1997,6357
08/10/2003,8164
26/11/1991,8166
20/05/2005,6361
04/10/2006,8169
11/08/1994,8171
12/06/1995,8173
23/02/2011,8144
10/01/1984,8176
25/10/2010,8178
06/06/2011,6040
23/09/2005,10808
07/11/2008,9615
03/01/1994,6928
10/07/1989,16771
25/09/1986,20045
11/08/2010,6747
28/01/1982,20049
05/11/2009,16325
23/12/2008,16333
29/03/2011,8194
07/02/2011,8196
21/09/2010,8198
09/10/2009,8200
04/09/2007,8202
10/02/1988,8204
13/01/2000,20093
25/10/1999,20098
22/11/1989,18966
22/12/1994,20107
04/03/2010,8213
27/11/1997,8215
03/06/1998,6143
26/04/1994,20120
04/01/2012,5145
30/09/2010,8221
03/04/1974,20133
21/02/2006,8225
04/07/1997,8227
03/06/2003,14209
08/07/1993,14679
18/08/1988,8231
31/08/2003,8233
21/08/1998,6111
16/05/2007,16387
20/12/1988,16809
28/12/1994,14634
03/09/2003,8240
31/08/2004,19944
13/09/1979,18811
27/12/1974,8244
04/12/2010,16439
03/04/1996,8248
26/12/1983,19306
18/10/2002,8251
09/03/1995,8253
26/10/2001,8255
07/02/2001,18984
13/01/1995,18451
12/08/2010,8259
21/07/2011,5924
01/05/2012,16471
26/02/1992,16761
06/10/2010,4932
16/10/1990,19479
05/06/1989,17828
17/06/2010,6309
17/08/1994,17918
24/12/2008,8270
17/10/1983,16781
16/11/2009,8273
09/03/2009,8275
06/02/2004,16424
27/04/2011,8278
29/10/1986,19690
20/03/1997,17842
10/11/2010,8282
01/06/2007,10402
14/06/1999,14475
25/04/2008,15606
20/06/1997,5720
24/11/1988,20159
23/03/1984,8291
20/08/2001,8293
27/11/1991,8295
06/02/2008,8297
15/08/2001,8299
02/12/1986,8301
01/09/1994,8303
28/05/2011,16272
27/05/1999,14175
25/05/2006,8307
13/07/1976,20185
20/07/2010,16485
25/08/2000,8313
06/07/2000,8315
17/03/2007,8317
21/05/2011,16503
13/03/2011,16519
08/11/2008,16529
22/06/2004,6467
02/04/1986,16538
15/05/2009,8328
20/01/1983,16147
23/11/1982,15146
29/07/2004,14042
23/07/2001,18243
24/07/2002,16581
14/07/1988,8336
24/06/2012,8338
12/05/1982,17930
08/08/2003,5473
07/07/1983,8342
30/03/2012,5091
09/11/2011,8345
15/08/2012,5106
13/01/1982,10938
11/07/2002,13660
07/08/2012,16564
17/12/1999,8352
15/09/2011,7548
18/09/1980,19959
21/05/1993,8356
20/12/1989,16571
30/08/1999,13827
13/03/2000,8361
19/08/2011,5541
15/12/1983,8365
07/03/2008,20238
15/10/2012,5592
09/03/1983,15307
26/07/2001,16605
29/09/1987,20244
23/07/1990,15893
17/07/2009,7026
15/05/2007,13497
08/11/1972,15882
30/08/1996,8379
25/07/2008,6473
08/12/1982,20252
01/02/1992,20255
24/08/2006,8386
03/11/1989,19206
21/03/2005,5120
13/06/2006,8391
01/02/1989,20259
04/04/1977,20261
10/09/2007,8397
12/07/2007,8399
16/09/2008,8401
22/10/1985,20269
03/06/2004,8405
04/12/1986,16777
10/11/1987,16730
07/12/1987,20274
10/05/2000,8411
21/05/1998,8413
21/07/2010,8415
25/09/1995,8417
05/05/1980,15608
22/03/2007,13578
07/08/1989,20276
28/06/1991,16612
07/11/1969,17355
07/04/1989,13821
21/09/2005,8427
19/11/1993,8429
07/12/1998,8431
01/07/2002,8433
02/04/2002,8435
18/01/1991,8437
06/04/2004,8439
28/02/1979,19481
19/05/2000,15815
03/10/2011,5559
31/12/2008,16658
02/12/2009,8447
08/04/1998,8449
23/03/1994,16154
26/08/2011,7213
08/06/1998,17750
04/06/2010,8454
06/11/1990,19292
25/06/1998,8457
03/08/1993,7777
14/10/1994,14103
28/02/1992,17508
25/09/1989,8463
10/02/1989,8465
25/06/1982,16671
06/09/1985,8469
08/06/2012,6594
29/07/2009,8472
30/06/1986,8474
19/12/2003,13163
13/12/2001,8477
07/11/1984,7248
16/12/1975,19120
06/03/1990,15206
28/05/2010,4842
22/10/2008,8484
31/10/2006,14449
08/12/1994,18702
08/08/2005,15477
23/11/1977,19321
27/01/2012,8490
06/11/2007,6215
05/08/1994,10810
10/06/1998,8495
08/05/2009,8497
13/12/1973,8499
23/09/1986,16687
20/06/1986,16689
31/12/1965,16691
16/06/2003,8507
26/11/2010,7130
11/01/1983,16695
01/05/1991,8512
10/10/1977,16701
27/11/2003,8516
12/07/2008,16704
23/06/1995,8520
20/07/2012,8522
18/05/1999,18238
16/10/2006,6383
08/04/2004,7361
22/09/2004,5440
10/07/2000,16247
02/10/1990,16710
06/09/1989,19602
03/05/2007,15546
26/10/1999,4984
25/08/1966,4994
04/05/2005,8537
24/02/1993,8539
01/09/2005,5023
31/08/1983,11643
13/10/2003,8544
15/12/1988,5051
27/03/1979,8548
20/06/1995,8550
11/07/1983,16715
13/06/2001,8554
28/10/1980,20202
16/01/1975,19374
30/07/1975,16719
28/10/2002,8561
29/09/2000,6223
25/07/2000,7550
31/10/2000,8565
07/11/2001,8567
29/11/2011,8569
24/04/1972,8571
01/04/1995,6908
15/02/1984,8574
06/09/1983,16732
25/02/2011,8514
27/10/2008,8579
28/09/1976,16736
03/12/2002,16683
04/10/2010,7250
26/08/1986,16740
06/01/1986,16744
04/12/2002,8589
14/10/1993,16749
24/11/1989,8593
10/05/1994,16753
13/07/2001,8597
21/06/1977,19806
24/02/1999,6056
28/05/1983,8601
21/12/2010,8603
07/11/1990,16600
18/05/2009,8607
01/10/1992,15287
12/05/2004,8610
27/01/2009,6311
05/04/1990,7437
12/09/2008,6164
31/10/2001,8616
02/09/1987,16793
27/02/2007,8620
01/08/1984,16803
22/12/1981,16806
15/01/1994,8626
17/08/2010,8628
04/12/1967,19917
22/12/2010,7110
30/07/2008,8632
02/03/1995,18877
26/09/1988,16561
03/10/1989,16825
27/02/1978,18294
08/11/1979,19195
28/08/1984,16831
19/01/1995,16909
25/04/2012,5928
01/12/1986,16836
18/11/2011,6847
01/07/2006,8648
18/04/2008,8650
25/03/2012,8652
27/06/2003,8654
05/09/1975,16341
06/02/1986,8657
08/05/1985,16847
26/03/2009,7240
09/11/1998,8662
17/10/1991,8664
09/10/1990,16066
10/05/2002,18727
18/10/2005,8668
25/08/2010,8670
01/05/2010,8672
20/11/2000,8674
06/11/2006,8676
13/03/2001,9794
18/08/1983,18700
15/03/2012,7193
16/09/1986,13424
14/08/2009,8682
25/10/1978,16865
31/10/2011,5948
27/02/1997,18346
26/09/2011,16320
04/10/1978,16801
09/05/1991,8690
20/02/2011,8692
10/04/2012,7088
16/03/2004,14063
10/04/1997,16875
26/07/2011,14566
06/07/1992,15412
22/08/1990,16877
10/12/1991,17770
21/08/2012,8703
22/05/1998,14493
03/01/2012,5132
22/03/1996,8709
20/01/1987,19517
16/05/2011,5141
08/04/1986,15382
03/05/2005,8715
12/09/2012,7211
13/04/2012,5149
22/03/1988,16925
24/08/1995,5181
08/12/2011,5204
12/03/1984,16854
05/07/2010,6411
07/04/1993,8727
09/02/1989,17640
27/04/2007,13299
25/01/1978,8731
07/08/1987,8733
04/01/1990,5255
24/01/2001,8737
01/06/2011,6023
20/07/1992,19638
22/05/2007,5283
16/11/2006,7179
07/12/1982,19598
23/05/1989,15821
01/02/1990,19392
09/11/1987,18611
19/03/2007,8748
17/01/2008,8750
07/10/2005,8752
01/06/1971,14883
04/04/2005,16915
21/06/2004,8757
18/07/2011,8759
21/06/2000,12474
22/04/2005,16647
16/06/1978,18933
27/05/2002,8765
28/08/1995,8074
28/09/2007,8768
20/03/1995,8770
09/09/1966,5341
06/12/2006,5365
24/06/2003,8776
06/07/2008,16898
12/12/1979,8779
05/01/2012,6166
05/03/1990,15617
04/07/2008,6613
04/10/1984,8785
10/02/2011,5942
09/05/1996,8788
19/11/2002,8790
20/06/2005,13940
19/02/1987,19746
04/02/1997,7704
15/07/2011,7267
20/01/2009,8796
03/07/1991,15555
23/01/1992,14406
21/10/2011,8800
28/08/1985,8802
25/07/1997,14426
08/02/1993,8805
01/04/1994,5456
13/01/1992,8809
29/08/1973,16950
19/09/1989,8813
12/02/1990,16957
01/12/1993,17909
26/05/2003,5311
12/03/1992,8820
09/07/1985,8822
01/07/1992,8824
08/03/1990,8826
05/11/1993,8828
28/01/2010,6627
14/08/1986,16968
08/04/2003,8833
28/11/2005,8835
09/07/1993,8837
06/09/1990,16974
19/10/1979,8841
19/03/2012,5008
01/06/1988,19118
02/05/1992,16978
21/02/1984,17938
15/09/1994,12062
26/01/2006,8849
14/02/2010,8851
06/08/1986,9847
11/06/1985,8855
15/01/2002,8857
26/01/2009,8859
10/11/1977,8861
23/07/1991,8863
31/03/1992,8865
15/06/1992,8867
18/02/1981,16993
18/11/1997,8871
09/08/2001,8873
15/07/1991,7809
23/10/2006,8877
05/10/2009,8879
10/08/2000,8881
12/05/1999,8883
14/06/2012,5491
23/03/2009,8887
05/02/2001,8889
17/03/1999,8891
21/03/1972,8893
24/04/2008,5557
07/12/1989,20145
16/02/1993,17004
05/06/2008,8900
26/09/1997,17011
20/01/1995,8904
06/03/1995,8906
25/10/1990,8908
06/08/1990,17022
31/10/1986,16727
27/05/2004,8576
14/03/2001,8914
22/02/2011,8916
04/03/1997,8918
29/10/1976,19037
14/07/1980,15852
08/08/1985,17029
30/01/1995,8925
23/12/1997,8927
30/07/2001,6058
08/12/1980,17033
09/09/2003,8932
20/01/1992,14683
12/04/2012,5147
05/08/1987,17038
26/03/1999,8938
15/10/1980,13770
23/04/1993,17040
21/12/2009,16081
22/09/1981,8946
26/06/2007,15512
28/09/1980,15522
29/12/1992,8950
29/06/2012,4870
31/05/2004,8954
14/09/2005,15785
22/10/1991,17052
05/06/2002,8959
22/08/2001,8961
06/06/1994,18875
04/07/1972,19589
28/01/2008,5248
27/07/1981,8966
22/06/1990,8968
10/10/2011,7300
20/12/1985,17076
14/04/1994,16331
09/12/1980,17080
11/11/1976,17084
12/11/2003,5069
24/07/2012,8482
07/03/1990,8980
02/12/2010,5545
18/06/2009,6107
23/09/2003,18127
23/01/1985,17092
02/06/1969,19663
03/06/2011,8025
11/07/1978,15586
04/04/1989,5770
25/10/1977,16186
12/05/1987,17550
26/05/2009,8994
27/08/1986,16799
14/11/2006,7934
28/04/2004,14392
17/06/1971,19230
01/10/1993,15739
23/08/2010,7477
24/04/2012,9002
15/04/2009,10522
10/05/2010,7943
25/09/2009,9006
11/12/2010,9008
18/05/1979,17103
23/02/1967,17108
26/03/1991,17112
22/03/1991,13863
02/03/1999,12750
07/07/1995,14498
18/05/1994,9019
30/01/1991,18958
11/10/2007,9022
02/03/1993,20147
07/01/1977,17119
26/04/1993,17122
31/05/1994,13882
03/11/2006,9030
27/05/2008,9032
01/11/1973,17134
06/05/1983,18639
19/12/1995,15073
11/10/1966,9039
22/02/1984,9041
11/12/1995,16372
14/08/1979,17138
18/08/1989,9046
17/04/2000,9048
13/08/2010,7558
18/03/1986,17146
26/09/1994,18460
12/05/1998,9054
06/05/1982,5622
06/12/2007,8741
22/05/1981,19537
24/07/2003,14108
29/05/2012,5648
08/10/2008,9063
05/08/2011,5704
21/05/1982,17050
22/10/2007,7989
05/11/1991,9069
16/07/1999,10140
25/06/2001,5726
07/08/2008,6718
29/06/2006,6509
09/04/1992,9077
11/12/1990,16952
31/08/1995,13324
25/11/1992,18515
05/02/2007,5736
27/09/1988,9085
31/03/1993,9087
20/11/2006,13667
22/08/2003,19031
24/05/2005,15187
25/06/1997,14891
05/02/1999,15192
02/07/2001,11609
11/05/2007,16085
09/08/2012,12735
02/09/2011,5358
03/02/1987,19278
07/10/2011,9099
23/11/2007,7309
21/03/2011,4992
24/09/2012,9103
12/03/2001,9105
11/11/1994,19246
19/11/2010,5817
29/01/2003,9109
22/01/1988,17165
06/10/1986,17168
21/03/2012,6331
10/10/2003,9116
25/01/1991,9118
10/11/2008,6092
31/05/2010,6190
16/04/2012,9123
31/01/2005,15421
19/12/1991,17186
23/08/1985,18803
07/05/2002,15214
09/08/1991,17191
19/05/2011,9132
25/11/1994,19449
05/03/2007,5973
09/11/2005,9136
22/12/2006,9138
18/11/2002,9856
14/10/1976,17204
28/09/1979,16015
23/09/1999,18252
21/07/2008,7020
18/06/1973,16861
23/10/1998,14677
02/09/1988,17206
02/08/2006,9150
27/03/1997,9152
02/03/2005,14363
19/12/2005,9155
23/09/1981,13147
22/09/1986,17216
20/04/1993,10731
08/08/1987,17221
21/02/2000,15833
09/10/1996,8323
13/08/2001,9167
14/10/1999,8501
06/07/2012,9170
30/07/2012,5856
20/03/1980,15355
04/09/1975,17265
23/01/2009,9176
29/04/2010,8236
28/12/2006,15772
07/11/2006,13934
21/12/1999,9181
01/07/1983,9183
18/11/1983,17461
04/06/1987,5920
14/09/2010,6731
09/10/1991,9189
09/04/2007,9191
13/04/2007,9193
02/05/2001,6859
26/04/1978,18837
18/12/2002,9197
26/06/2002,9199
02/05/2000,19426
03/03/2011,14900
05/09/1990,8936
18/03/1987,16576
14/04/1987,9206
03/09/1996,5962
13/10/1993,9210
02/07/1981,9212
29/11/1973,19100
20/09/2005,9215
30/01/2003,7937
05/05/2006,12977
09/07/1992,9220
23/05/2011,9222
23/08/2004,17575
18/06/1985,15164
08/01/1987,18590
23/06/2003,9227
22/10/1980,9229
21/10/1983,18529
19/04/1982,18953
15/12/1981,9233
13/10/1969,17823
19/06/1981,17245
24/04/1980,17251
30/10/1990,17184
16/11/2000,16654
03/04/1990,17256
10/06/1992,5257
24/03/1987,9245
31/03/1981,17263
18/06/1997,9249
11/10/2000,9251
10/02/1999,9253
20/05/1999,9255
21/06/2002,16299
15/10/2009,6979
09/08/2010,8063
13/01/2004,9261
02/07/2004,9263
05/08/1998,9265
05/12/2007,9267
10/08/1998,9269
06/10/2003,9271
14/06/1985,17291
15/09/2003,17982
16/07/1991,17293
02/12/2004,7183
07/01/1994,17304
07/07/1994,8460
27/09/1990,10862
18/12/2009,10461
29/07/2011,9285
26/10/1989,9287
03/10/2007,5444
03/03/1988,19182
11/07/1991,17332
27/10/1988,9293
13/04/1998,9295
18/11/2005,9297
01/12/1997,17341
23/04/1987,18524
01/11/2004,9302
26/05/1992,18796
03/11/1971,17347
26/08/1976,9307
04/02/2000,9309
26/01/1996,9311
22/07/1987,9313
25/05/1999,9315
16/05/2000,9317
28/07/1982,6032
30/01/2001,9321
27/12/2004,6075
02/09/2008,9325
13/08/1984,19790
13/07/1988,19515
19/05/2008,9329
15/12/2005,9331
29/06/1995,17352
08/05/1978,17794
13/07/2011,6138
28/05/2012,6419
29/11/1971,9340
15/07/1999,9342
03/05/2010,9344
18/08/2010,8898
06/12/1991,9347
07/04/2012,8518
08/11/2001,9350
16/08/2005,9352
01/04/1997,14796
18/01/2010,6290
01/10/1979,16783
06/04/2009,16184
19/11/1976,15217
25/06/2010,9361
11/05/1993,9363
03/11/1981,9365
12/07/2010,5852
30/10/1991,9368
08/01/1979,20007
13/01/1994,9372
21/05/2012,9236
16/12/1985,17161
05/09/1969,9376
18/10/2011,10700
10/12/2008,7108
13/01/2012,9380
08/05/2008,6192
26/03/2012,6341
04/08/2009,9385
08/02/2010,9387
16/11/2004,14303
07/02/2012,6403
27/01/1998,15063
15/03/1999,17480
08/03/1989,12494
27/01/1971,16788
04/10/2001,9397
12/05/1992,14974
01/09/2008,6906
22/03/2012,7104
02/03/1989,14027
02/09/1998,9148
12/05/2003,9405
06/07/1983,8311
28/02/2003,6872
14/08/2010,16401
13/12/2000,13993
05/06/1998,18602
17/08/2004,6600
30/10/2007,6186
27/02/1985,16734
16/05/2001,7760
22/01/1990,16545
07/07/2010,8783
22/04/2009,9383
13/03/2009,9420
23/07/1985,16889
03/08/2001,9423
13/07/1978,17936
06/09/2006,17384
16/05/1988,9428
29/04/1993,18423
24/08/1989,18616
15/03/1993,18217
11/12/2008,6414
06/05/2011,6450
06/11/1987,9437
27/12/2007,9439
21/05/1992,9441
22/01/1987,18341
16/07/2008,13388
27/04/2004,8119
19/11/1997,9446
13/11/2009,16558
07/07/1970,19547
04/03/2011,6487
07/11/1991,9452
06/05/2005,9454
27/08/1997,6501
03/03/2006,9459
22/09/2010,9461
20/04/2010,9354
10/02/1998,9464
16/01/1997,5464
29/12/2004,9467
27/12/1985,9469
06/08/1998,15702
10/03/1989,18291
11/11/2005,9473
07/01/2011,6140
26/06/1984,18311
13/07/2009,6582
14/07/1995,13419
27/03/2001,9480
05/10/2012,6125
13/10/2012,9483
23/10/1992,19792
31/03/2005,16434
10/12/2010,7028
13/08/1976,20149
22/03/2010,6293
17/03/2010,7022
09/03/2010,6315
20/09/1971,16966
03/09/2008,15427
02/07/2011,5631
27/01/2005,9496
03/08/1998,16554
17/10/2007,6602
07/01/2009,16573
17/05/2005,16192
26/04/1985,9503
25/04/2005,12876
07/07/2011,5223
27/04/2006,9507
27/02/1984,9509
26/09/1990,15094
14/04/2008,7640
24/09/1975,17197
22/08/2005,12069
30/03/1993,18947
02/03/2012,5197
05/05/1997,9518
02/06/1999,9520
13/10/2000,17412
01/10/1996,9524
01/03/1998,17425
03/06/1996,19849
07/12/2011,8068
09/12/1991,18859
23/03/2012,5894
06/12/2001,16357
08/10/1975,17897
10/11/1992,17429
29/12/2009,9477
09/05/1977,19677
24/11/1993,9538
25/07/1988,9540
19/03/2008,9542
21/11/2010,9544
22/10/2004,9546
11/01/2008,9548
29/07/2008,20035
28/08/1989,16198
04/02/2010,6679
17/05/2012,9554
14/05/1991,9409
03/11/2003,6479
28/05/1993,9558
07/12/1999,9560
26/11/2007,9562
30/10/1969,19659
21/01/2003,9565
16/10/1974,9567
30/07/1982,16936
16/02/1992,18824
12/06/2009,9572
04/04/2000,9574
15/04/1992,13981
08/12/2009,7413
11/01/2012,9578
25/07/1996,8309
14/06/2011,7592
18/11/1985,9582
03/08/1987,6804
30/09/1987,16029
16/12/1982,9587
13/05/2011,9589
27/01/2010,6842
28/06/2004,13443
28/06/2007,6875
18/05/2005,15936
25/03/2002,16708
11/02/2011,9083
07/12/1995,17446
30/04/2008,9601
14/01/1985,9603
01/08/1980,17451
26/09/2002,9607
29/09/1998,9609
24/02/2012,4839
21/05/1981,9612
30/09/1993,15754
28/04/1999,6934
09/09/1991,6977
05/05/1977,19157
10/02/2010,6785
18/04/2001,15385
03/02/2009,9356
17/12/1998,9623
05/01/1993,9625
12/03/2004,9627
25/06/1990,7005
21/11/2000,9631
19/07/2004,10369
01/01/1942,9635
03/07/1992,9638
08/04/2009,7643
14/11/1985,17249
03/03/1971,9642
06/02/1987,17469
05/03/2001,9646
12/04/2002,6555
02/02/1983,18322
09/09/2004,9650
28/04/1980,18663
30/11/2000,8114
13/03/2012,5241
04/10/1995,9655
10/03/1980,9657
15/08/1984,17297
01/10/2011,9660
28/04/1994,9662
19/05/1998,10524
09/12/2004,9665
20/01/2010,7872
28/03/1972,14789
26/03/2011,9669
25/07/2003,9671
07/06/1991,9673
28/12/2000,15029
30/07/1999,19762
07/04/2011,7074
17/11/2011,7246
10/12/1996,5173
01/12/2010,7140
08/08/1997,9683
17/01/1978,9685
07/08/2007,9687
12/08/2005,9689
23/02/2006,11860
05/04/1974,13734
23/10/1972,9693
28/08/1998,9695
17/10/1984,9697
25/11/1999,18717
11/03/1999,9700
22/11/1995,17578
19/03/1993,17243
28/09/1995,7257
19/02/1988,17491
14/02/1973,17493
23/11/1993,9709
03/11/1993,13268
24/04/2006,9712
15/10/1993,17503
29/05/1992,6407
09/01/1990,9717
20/03/2001,9719
18/03/2002,9721
17/02/2003,15446
10/01/2002,7221
28/02/2012,5424
22/06/1977,9727
05/01/2000,9729
20/02/2001,9731
01/07/1991,17854
10/05/2006,7000
24/05/2012,6657
23/06/1997,8613
13/01/1987,17517
14/01/1999,17524
06/03/1991,7382
24/01/1984,14386
07/10/1980,17528
05/08/1977,19447
24/09/2004,7415
27/09/2001,19765
14/01/2012,9751
16/03/2000,13621
27/04/1998,19879
05/01/1999,17537
14/12/2011,5660
06/08/1991,17125
27/02/1998,17541
26/12/2006,9761
26/06/1991,10480
22/09/2000,17548
15/02/2000,18014
29/08/1977,9767
08/12/2006,9141
20/09/1988,17552
22/11/1985,9772
07/05/2004,9774
08/09/1995,7459
15/05/1990,9778
17/09/1990,9780
20/09/2002,9782
04/05/2009,9784
16/08/1993,9786
25/11/1982,14501
16/11/1967,9789
30/09/1998,9791
13/01/2009,8004
01/07/2008,7543
28/02/2001,9796
15/06/1989,9798
21/10/1992,19472
27/03/2012,5934
02/04/2001,9802
13/08/1987,17562
24/06/2002,6646
23/05/1984,17566
16/05/2003,9809
16/08/1966,17902
10/08/1999,9812
05/05/1971,18678
13/04/2005,9816
19/06/2002,9818
08/10/2012,5996
13/09/2011,5535
14/06/1994,13514
13/05/1994,9823
17/09/2003,17583
29/04/1987,17585
25/05/2000,7628
01/10/2001,9831
20/05/1991,7678
07/01/2010,9835
22/11/2010,15100
27/07/2006,9839
13/07/1993,9841
20/11/2002,15444
30/10/2001,9844
20/08/1998,19055
18/11/1999,14034
22/06/2010,7779
17/08/1977,19006
03/02/1999,12129
14/10/1974,18475
15/05/2008,9854
25/08/2006,7833
13/08/1982,16725
10/04/1995,17608
19/04/2012,7271
19/06/1979,18504
21/02/1990,17626
22/04/1991,13426
28/11/1990,18163
13/08/1990,16755
14/09/2009,7878
28/02/1996,15880
22/09/1989,13932
29/09/2006,17984
09/12/2010,9874
06/10/1989,9876
04/08/2011,7609
05/04/2012,6489
14/07/1993,7924
27/09/2006,14336
26/03/1973,17117
05/09/2005,15599
09/04/2010,7939
18/02/2008,8382
02/06/1986,17193
20/10/2005,9889
05/01/2001,4849
18/06/2011,9892
27/09/2011,5577
05/09/1997,9895
29/04/2009,7085
25/09/2007,9899
25/09/1990,15399
24/05/2000,9903
03/02/1995,9905
04/06/1996,9907
03/05/1999,17402
08/05/1995,9910
09/03/1976,16221
11/06/2007,8056
01/11/1995,9915
20/01/2000,9917
05/05/2005,9919
25/03/2010,8083
08/03/2012,9534
15/11/2010,9924
08/04/1992,9926
29/01/1979,19860
29/05/1978,16422
11/03/2012,9931
17/09/2001,9933
27/05/1992,17035
25/03/2011,7302
09/07/1974,15767
05/06/1990,9938
30/08/1989,9940
03/06/2002,9942
30/06/1997,15170
18/02/1982,18624
09/04/1999,19134
13/03/1991,17432
08/02/2001,9949
23/04/1980,19402
01/08/1991,8142
06/08/1981,9954
26/01/2011,8262
13/07/2012,9957
03/02/1972,20181
11/12/2002,8218
05/06/1991,17136
28/03/2001,9963
23/06/2008,14904
12/11/2010,9966
16/08/2002,20089
02/08/2002,9969
14/06/1989,9971
14/02/2002,9973
03/05/1983,17677
01/09/1987,17142
06/04/1987,9978
05/01/1994,9980
15/08/1989,9982
05/05/1995,17511
07/10/2009,6855
22/08/1997,9985
11/06/2012,9987
08/02/1991,9989
06/04/2001,9161
01/11/2007,9992
13/02/1980,14816
19/07/2012,5698
20/03/1992,8350
06/04/1988,8358
31/10/1977,15850
02/08/1990,17414
29/01/1999,10002
02/02/2011,7165
02/12/1988,20118
16/03/1999,10006
07/12/2004,8533
06/07/1987,14471
12/07/2000,10011
16/04/1984,17703
05/09/2002,17705
29/06/2005,14552
05/12/2011,12066
21/12/1987,17708
10/01/2006,5954
12/12/2000,5446
13/07/1989,10023
26/09/2003,16169
14/06/2005,10026
13/09/2002,10028
13/12/1991,10030
21/01/1993,10032
02/12/1976,15348
13/11/1989,20126
14/07/1989,20015
27/10/2003,10037
03/11/1997,6194
12/04/1989,19129
14/10/2009,10041
26/07/1993,14869
29/07/1975,17727
29/01/2007,10047
13/12/1988,17267
16/08/1996,10050
04/11/1992,17734
23/07/2004,13129
26/11/1982,17742
09/05/1989,8161
19/03/2001,10060
23/12/2010,7011
14/10/1981,17260
20/12/2000,10064
28/02/1982,17132
03/01/2008,15089
04/11/2011,8421
02/08/2010,8445
29/03/1983,20154
06/09/2007,15601
30/11/1993,10075
08/06/2004,10077
14/09/2000,9276
05/12/1973,10080
12/07/2005,10082
10/03/1992,10084
28/11/2011,8066
21/05/1987,6649
21/09/2007,10089
04/06/2002,8541
01/12/1992,10091
05/06/2003,8559
02/07/1987,16845
19/10/1994,10095
14/12/2005,10097
12/12/1984,17757
01/09/2012,10101
31/01/1977,10103
12/03/1999,10105
19/08/1966,10107
27/11/1985,15304
16/01/2001,5724
11/07/1995,10111
23/11/1987,10113
23/06/1992,10115
30/11/2011,10117
11/09/2000,10119
30/07/2002,10121
24/10/2002,10123
11/07/1989,8605
07/08/2000,10127
28/08/2010,10129
23/04/2002,10131
12/08/2003,8735
09/07/2004,5707
05/05/1983,17864
06/03/1987,16450
22/12/2011,8696
05/09/1978,17781
24/04/2009,10656
17/01/2012,4988
01/10/2004,15889
24/01/2012,10145
04/04/1986,16811
24/02/2010,5871
02/01/2002,20224
22/09/2009,10150
24/09/2011,10152
16/11/1998,12215
01/07/1999,18012
18/07/1978,18661
07/05/1982,19236
12/11/2001,15357
14/01/2009,10159
31/01/2008,10162
18/12/2003,10164
19/04/1978,17417
29/07/1993,10167
15/05/2010,10169
06/03/1979,17799
12/10/1988,17269
12/06/2002,10174
30/06/2008,16219
13/12/2002,16426
04/07/2002,14743
16/06/1993,19946
23/03/2001,10180
11/03/1988,19411
01/03/2002,10183
22/04/1997,8895
25/10/1989,10187
21/11/1996,8930
16/04/1997,10191
25/11/2011,10193
08/10/2007,11497
08/12/2005,17804
08/08/1983,10198
27/03/2009,13476
19/05/1997,10201
30/06/2005,17808
28/01/1980,17764
23/02/1994,14642
10/12/1992,10208
26/07/2000,10210
06/08/1997,17876
23/09/1977,14865
20/01/2011,10214
11/07/1990,20247
16/07/2001,15432
23/12/1994,20003
01/09/1997,7427
14/11/2001,10220
05/10/2001,5343
23/09/2008,15236
20/03/2003,6136
29/12/2008,11839
06/02/2012,13807
13/03/2002,15319
30/09/2008,9080
16/08/1983,15678
20/11/2009,16027
21/01/2010,17826
15/02/1990,17831
04/11/1996,10236
08/01/1999,16249
30/05/1983,17834
10/10/1986,17838
05/08/2010,5944
19/06/1987,20165
01/07/2011,6452
20/11/2010,6493
06/05/1993,17321
14/03/1978,17339
24/05/1991,16160
04/04/2011,10250
05/12/2000,10252
21/01/1987,19607
03/02/1992,18951
04/12/2006,10256
02/11/2010,10258
09/10/2007,10260
02/06/2006,10262
31/07/2006,10264
21/02/1994,15709
30/12/1991,16773
31/05/1995,9273
27/02/2012,9282
10/05/2011,10270
03/02/1971,15622
23/10/1995,6036
30/01/1986,13922
07/06/2000,10277
23/02/2012,10279
22/03/2011,6659
03/06/1987,17777
27/07/2005,10283
20/04/2000,10285
07/03/2012,5195
04/12/1998,13517
15/09/1982,17849
01/09/1992,6789
12/08/2004,12866
13/02/1981,19535
07/05/2010,6669
10/12/2007,10296
26/06/2012,5652
12/03/1997,14844
07/01/1993,17862
09/06/1993,18819
15/07/2002,10303
23/07/1993,10305
02/02/2009,9390
20/07/1976,18805
26/12/1989,17868
25/09/2003,15543
01/06/2005,10313
31/07/1996,15807
27/04/1994,17963
28/07/2011,9944
10/04/2007,10318
25/06/1985,17665
21/10/2008,7711
16/05/2006,9511
02/05/2012,9522
27/03/1985,10327
15/10/1986,10329
26/10/1993,19564
29/02/1988,10332
04/08/1989,10334
26/09/1989,10336
09/08/2011,9594
06/07/1990,10340
03/09/2010,8289
20/11/1997,10343
25/09/2001,10345
02/10/2006,9617
11/11/1977,15642
21/09/1993,16072
05/07/1984,16032
25/02/2010,5722
12/02/2007,14919
28/09/2005,9629
24/08/2003,15378
19/08/1997,9681
04/05/1983,18235
25/09/2012,10361
18/03/1996,16364
08/05/2006,13237
03/07/1979,10365
22/02/1979,14286
16/08/2000,14697
17/12/1976,19926
11/10/2011,5218
24/02/1997,10372
28/04/2003,10374
26/10/1978,10376
21/01/2009,10378
16/01/2011,10380
15/02/1989,10382
01/11/1988,17086
05/10/1983,17904
23/08/1991,10387
28/03/1988,17912
03/02/2011,6625
05/02/1976,10392
24/07/2006,15391
27/10/1993,9741
28/12/1982,18541
28/01/2000,10398
26/12/2002,10400
24/05/2010,9755
12/08/1980,18382
08/07/1977,18380
06/04/1990,16885
10/01/1997,10407
20/10/2011,8088
31/10/1991,10410
05/09/2001,17914
02/03/2007,10414
26/04/2010,6234
20/03/1987,19886
09/09/1983,17437
28/01/2011,5239
03/08/1988,10421
02/11/2011,9833
11/10/1994,8774
10/09/1987,9849
03/04/1995,10428
19/09/2001,10430
21/03/2001,9299
19/04/2002,10433
14/11/1977,16852
22/02/1978,17289
17/08/1966,10437
09/02/2006,10439
16/01/2009,10441
21/10/1984,17932
26/01/2001,10445
20/06/1996,15234
22/02/2012,7758
26/01/2012,9159
07/06/1994,7054
12/12/1994,10451
22/05/2009,10453
23/06/2009,9998
27/04/1992,5430
26/04/2002,8185
20/12/1967,10459
02/10/1986,10045
10/08/2005,10463
29/01/1997,14443
23/07/1992,10125
05/12/2003,10468
12/12/1983,17944
19/06/2007,10389
18/09/2003,14803
28/03/2012,6745
07/10/2003,10476
06/12/2010,6010
03/03/2010,8755
22/10/2001,17949
05/07/1993,10482
06/05/2009,10484
29/05/2000,10486
12/08/1996,17961
28/11/1978,19801
07/05/2003,10491
09/06/1989,13525
21/02/2002,10494
28/12/1993,10496
22/04/2010,10498
09/11/2007,15109
17/08/1973,18918
26/10/1992,19572
08/03/2011,10503
05/11/2007,10505
16/07/2010,9065
06/01/2011,10508
23/11/1992,10510
16/03/1984,18308
03/04/2006,10513
04/07/1991,10423
27/01/2004,11244
18/03/2004,8712
27/04/2012,5827
20/01/2005,14060
07/11/1995,10520
06/11/1980,17991
30/07/1986,17996
14/04/2010,10526
18/05/1977,18696
19/02/1990,19365
11/02/1993,19865
16/01/1978,18005
19/09/1994,18016
28/04/1984,18469
16/08/2011,6095
21/07/1983,15117
03/07/2009,9744
19/05/1992,18008
08/05/1991,13504
24/05/2002,10541
18/11/2009,15797
02/07/2007,10395
08/12/2004,10545
18/12/2007,10547
05/06/1985,19370
01/06/1996,10550
20/09/2011,7236
01/12/1998,10554
15/08/2005,18040
28/07/1981,10557
07/04/1997,18409
02/10/1995,10560
14/02/2008,10562
29/01/2008,8321
11/09/2009,6739
21/12/1988,10566
08/12/1987,10568
28/10/2010,5412
10/03/2000,10571
10/04/1989,18034
14/12/1988,19359
18/09/1987,10576
04/08/1981,19461
11/03/1991,16948
28/06/1999,10580
12/10/1978,19649
15/12/1999,18873
18/10/2010,10584
30/03/2004,10586
04/11/2002,10573
04/10/1988,18770
08/10/1980,10591
06/09/1974,18835
26/03/1980,10594
02/04/1984,10596
19/05/1987,11004
28/04/2012,10599
05/09/1991,18027
04/07/2000,18044
12/08/1999,14967
12/04/2011,15578
02/07/1991,17287
29/02/1984,16883
21/06/2011,10661
19/05/1986,10721
10/10/2012,5134
18/10/2012,5594
29/11/2007,16498
01/01/2009,10615
23/09/1993,18060
01/02/2011,5999
10/10/2006,10019
07/08/2009,10621
27/03/1989,10824
21/01/1971,16954
21/11/2008,10626
06/04/1992,10628
29/05/2001,18072
14/05/2012,6017
17/01/2000,17645
13/10/1992,17973
17/09/1993,17499
04/05/2006,10093
26/09/2000,18077
17/10/2001,15993
02/09/1983,13888
01/02/2008,10641
16/02/2000,12821
04/03/2005,9677
21/06/2006,10645
03/01/1980,11708
17/08/1999,18088
13/06/1989,17201
02/08/2011,8618
21/08/1990,17276
04/05/1981,17633
02/09/1997,10654
05/06/1986,18093
03/02/1997,5404
23/02/1988,10659
02/04/2008,10886
31/05/2000,9247
31/03/2009,7125
03/07/1996,10666
03/12/2008,14812
26/03/1987,15394
23/01/2003,10670
23/01/1995,10672
18/12/2000,10674
05/02/1988,10676
16/06/2011,5136
08/08/1978,17229
04/02/1992,17047
24/11/1992,19395
15/09/1992,10682
26/01/1977,18111
12/09/1991,15337
29/06/2004,15341
17/11/2010,5393
13/08/2002,5760
19/01/1987,17558
27/07/1994,10488
13/12/1982,19503
09/05/2008,7040
09/02/1979,19661
12/11/1980,18115
23/08/2005,12027
20/07/1999,8211
25/10/2011,5104
20/03/1990,18120
17/10/2011,5246
05/10/2007,15759
24/06/2009,9010
31/07/2002,19052
20/10/1999,9724
19/02/1991,18949
20/02/1989,12275
05/10/2011,6426
04/05/1971,10710
25/03/1993,10712
03/06/1970,10714
11/06/2001,10716
14/06/2002,8585
13/10/2004,14814
03/03/2005,18133
09/11/1988,10723
26/07/1974,10725
20/04/2006,10727
01/03/1996,10729
18/11/1992,7686
09/07/1997,10733
18/08/2006,10013
19/01/2001,10736
21/08/2006,8192
01/08/1988,10739
28/07/1989,19197
14/12/2009,9034
01/01/1982,10743
12/04/1977,10745
26/03/1974,10747
25/01/2005,11123
19/07/1991,15045
27/10/1987,14024
06/06/1980,19646
08/06/1981,17815
11/03/1996,10015
13/03/1978,18455
19/10/1983,10757
19/10/2009,8110
29/08/2008,10760
08/07/1998,15405
27/04/2009,7277
14/01/2010,10764
21/06/1996,16437
14/10/1992,10767
14/09/1984,19913
13/05/1999,6741
11/12/1992,11183
14/06/1993,15483
30/06/2000,10774
08/03/2005,15610
22/08/2011,9279
06/11/1998,12975
30/08/2001,10779
02/03/2010,7080
11/08/2003,10782
26/04/1995,10784
14/07/1994,10786
29/11/1995,10788
07/11/1989,17546
24/09/2002,10791
10/07/1995,10793
13/02/2001,5466
09/04/1976,19349
31/12/2003,10797
31/10/1980,16765
26/09/2005,10801
05/11/1981,17070
10/05/2012,6592
27/03/2003,10805
03/03/1997,8684
06/06/1983,12745
17/09/2004,18169
30/07/1984,17097
28/04/2005,16395
29/03/1989,18174
13/07/2005,8885
26/05/2010,7590
31/03/1997,15692
26/04/1984,15335
29/07/1987,16482
02/09/1986,17754
15/02/1980,18894
08/09/2010,7305
22/09/1999,11365
27/03/2000,8581
28/07/1999,11449
04/02/2004,10829
18/08/1998,7292
27/04/2005,10832
31/10/2005,13490
11/02/2008,10835
27/11/2009,11452
23/03/1990,19336
06/12/1999,10840
14/11/2003,9705
20/12/2001,10099
08/04/2010,10844
22/08/2006,10846
03/07/1995,10848
02/05/1997,10850
04/07/2006,7225
19/11/1990,16912
30/04/2002,10855
14/03/1975,16083
20/09/1983,19707
22/06/2006,9739
10/08/1993,10860
22/08/1989,12835
08/01/2010,5866
19/08/1998,10865
13/11/2007,10867
27/12/1972,10869
04/11/2009,5800
31/08/2001,10872
22/06/1987,17622
27/06/1990,10875
13/11/1990,17899
12/03/2009,10878
06/06/2012,5666
17/01/1990,17099
09/03/2007,10882
31/10/2003,10884
20/06/1990,11611
28/04/1977,18557
17/05/2007,6996
01/09/1998,17617
08/10/1985,14187
17/03/1994,10893
07/12/1990,18125
17/06/2009,8723
10/06/2003,7209
31/05/1988,10898
28/08/1990,13211
07/11/2005,10901
16/04/1996,15359
26/05/1997,16337
16/06/2008,14048
07/11/2007,10416
26/10/2007,10907
01/09/2009,5279
21/11/2007,13958
31/05/1982,19361
08/06/2007,10912
30/08/2007,10443
11/06/2008,10915
06/12/1985,18215
09/11/1989,10919
19/07/1995,18177
09/11/2006,10922
21/01/2011,9163
25/05/2012,5504
22/06/1988,17234
24/05/2011,11700
17/02/1978,11736
15/01/1991,10931
03/07/2006,14955
28/04/2009,15154
20/10/1994,18223
07/10/2010,9186
20/07/2006,20206
02/05/2002,10940
05/04/1993,10942
02/08/2000,13501
17/08/1979,16829
04/07/2003,18233
17/07/1991,10948
07/11/2003,10950
05/02/2003,10952
20/07/2004,18075
07/06/1975,10955
18/09/2011,5543
16/09/1982,10959
24/09/1993,10961
30/04/1993,18246
15/02/1993,19656
17/09/1976,18142
16/12/1988,17601
09/09/1980,10968
26/11/2009,10970
03/11/2008,10972
12/06/1971,17636
17/05/1977,16795
25/01/1982,16816
15/09/2009,10588
02/07/1990,15373
17/07/1989,16821
07/08/1997,13908
11/09/2012,16478
29/06/2010,10982
03/02/2010,8395
26/07/2010,11309
14/12/2004,13132
06/07/2011,6815
03/06/1986,18289
17/02/1981,17597
15/03/2007,16264
13/04/1987,15289
25/10/1996,13803
19/12/2007,6722
28/08/2007,14861
09/02/1995,18220
10/07/1996,20013
04/09/1985,10998
08/01/2009,11000
23/05/2012,4982
02/12/2002,4990
28/03/2011,12221
28/09/2001,15865
01/08/1994,6830
07/06/1988,14690
24/10/1995,10695
27/01/1987,18609
02/07/2010,12270
28/02/1989,11013
13/09/1982,17295
21/08/1979,20209
28/02/2008,6983
21/02/2007,8393
11/02/2005,18299
27/07/2007,13779
01/04/2008,11023
26/12/2005,11025
14/09/1983,20131
07/06/1999,11028
12/06/2007,11030
22/06/2011,8031
18/05/2006,17400
04/08/1998,11034
29/12/2011,15200
11/05/2012,9707
03/03/1998,11038
15/03/2002,9337
23/08/2000,16415
31/03/2000,11042
18/03/2009,7197
19/06/1989,19996
15/04/2008,11075
23/06/1980,13938
18/01/1996,10610
06/07/2005,11049
05/08/1966,14128
18/12/1978,18320
06/10/2004,19756
02/06/1997,11056
15/02/2011,11058
25/08/1993,11060
27/09/1984,11062
18/02/2002,8330
30/05/1984,16697
13/06/1997,11066
17/04/2007,9218
06/02/2007,9305
11/03/1982,16927
05/05/2004,17386
28/04/1995,15664
08/02/1968,18333
27/07/1990,12341
18/09/1989,11077
17/11/1992,16101
31/01/2000,16431
04/01/1994,17628
10/07/1986,15787
21/01/1972,11083
19/02/2008,11085
01/02/2012,5004
29/08/1986,17966
15/10/1996,18706
30/06/2003,14227
08/05/1979,16713
17/12/2009,11092
19/07/1990,11094
10/01/1979,18337
18/01/2001,11098
18/07/1977,20264
20/02/2009,9061
08/07/1997,19915
03/10/1997,11103
31/07/1990,11105
24/05/2008,11107
17/10/1985,8510
01/11/2006,10749
28/08/1996,18353
30/01/1997,11113
24/03/1999,16058
30/03/2010,10009
18/07/1986,11117
07/03/2005,11119
21/05/2002,11121
26/01/1995,18363
01/04/2003,11125
18/12/1996,11127
15/02/1978,17844
01/10/2012,11130
13/04/2010,10455
09/01/2007,15970
13/10/1997,15467
29/11/2001,11135
02/09/2004,11137
20/12/2010,7527
10/02/1982,15685
14/03/2002,16420
23/01/1989,13566
15/04/2010,5590
04/12/1992,11144
12/10/1990,19625
02/05/1968,11148
04/02/1986,18384
22/08/2000,11152
12/12/2003,11154
18/10/1999,6580
10/07/1991,17724
25/08/1989,11158
25/11/2010,11160
08/09/1993,11162
17/11/1999,16310
14/05/1986,17874
20/03/1986,19528
22/11/1996,11168
02/01/2003,11170
17/11/1995,11172
16/02/2009,6123
12/11/1993,17300
05/09/1986,11176
02/02/2001,12659
11/03/2008,14508
05/09/2008,7614
16/10/1989,17328
04/04/1972,18400
15/12/1992,10719
18/10/2007,7162
29/04/2008,5031
01/12/1983,11188
15/07/1983,11190
22/07/1973,11192
22/02/2001,16448
19/07/1999,11195
17/03/1987,19600
27/05/1997,11198
09/08/2003,11200
21/07/2004,11202
15/03/1991,19667
19/01/1996,15660
20/01/1989,11207
03/12/2010,6635
24/07/1978,19407
06/07/2010,5229
27/12/2000,5752
11/09/1996,18411
20/06/1977,11215
14/04/1977,17330
22/11/2004,11218
27/08/2012,11220
30/11/2010,11222
06/09/2000,10935
17/05/1990,16823
06/10/2008,11226
31/05/1977,18425
08/10/2004,11230
10/10/1989,20135
21/10/1976,20267
22/07/1971,17410
22/06/2001,11235
26/09/2007,6371
09/05/2001,11238
24/09/2007,11240
29/05/1989,11242
27/09/1966,17045
24/08/2011,4820
30/08/1985,11247
09/12/1976,15424
21/10/1971,19929
29/10/1987,14819
02/12/1970,11252
23/12/1970,17697
23/12/1982,20081
20/01/1994,11256
17/02/1987,19711
10/08/1992,18331
07/04/2009,10602
05/01/2004,12825
15/06/2009,11263
01/09/1989,17926
17/03/2011,5627
03/06/2005,10355
03/05/2011,10268
02/02/1996,18447
28/09/2011,5575
05/08/2004,19856
24/02/1983,19685
21/09/2011,9829
27/11/2002,11275
20/10/1983,11277
01/06/1998,11279
28/06/1996,11281
08/01/1993,11283
09/02/1999,14544
16/09/2006,15534
05/07/1995,18458
18/10/1977,11289
19/02/2009,14577
10/08/2004,5231
01/11/2011,5073
26/01/1988,18465
25/08/1999,15831
23/05/1980,18553
08/08/2012,10206
16/08/2012,11299
05/03/1996,9370
31/05/2007,13005
21/05/2010,11051
30/06/2010,8637
03/02/1976,11305
28/01/1988,18471
11/09/2007,12901
26/09/1979,17604
13/08/2012,14638
14/09/1987,12934
01/02/1979,19465
10/06/1994,13737
22/03/1995,14704
25/09/2010,11318
02/02/1967,18487
30/05/1989,17325
22/11/1993,12197
18/07/2008,12519
16/11/1983,17345
24/02/1992,11325
27/06/2008,19889
17/03/2003,13835
20/06/2007,11329
15/05/1997,16304
17/10/2012,15254
31/08/2012,11333
19/03/1998,13801
29/01/1970,11336
04/02/1994,19151
16/05/1969,11340
14/03/2006,17975
30/10/1986,11344
27/03/2008,11346
13/06/2011,5297
02/09/1985,18261
20/12/2004,9426
09/01/2012,11073
15/06/2005,11352
12/05/2011,6882
05/05/2008,11355
15/09/1989,18493
26/10/2006,11359
14/09/2004,12756
29/11/2004,18090
16/11/2011,8423
05/04/2007,18500
01/04/1987,11367
10/05/1996,15067
05/01/2005,11370
07/10/1997,9880
27/01/2003,11373
18/10/1996,12803
05/07/2011,7616
21/07/1999,14338
14/10/1997,11378
08/02/1995,14753
25/11/1998,11381
30/04/1969,19131
22/10/1999,11384
29/02/2012,10466
30/07/1997,7804
28/12/1989,13857
04/12/1978,19470
29/03/1985,18098
11/09/2002,16681
12/11/1990,11393
18/05/1995,16109
06/03/2006,11397
25/06/2011,9111
23/01/2001,11400
14/01/1982,19587
24/02/1981,19619
06/08/2008,11213
16/08/1982,17700
11/12/1986,11406
01/06/1992,11408
29/06/1983,18053
10/12/1980,19644
07/03/1996,13595
16/12/1987,6714
02/06/1989,15570
17/05/1983,17916
30/11/1992,14110
12/07/2012,6066
10/07/1980,18526
16/05/1995,15479
06/05/1988,16938
28/08/2006,11423
02/02/1995,11425
01/07/1996,7509
05/10/1979,11428
06/05/1980,17534
28/05/1982,18271
22/09/1977,11433
12/01/2012,6088
17/10/1980,11436
05/09/2011,14021
30/09/1982,11439
05/04/1994,11441
22/07/1993,11443
22/10/2011,6867
16/08/1991,11446
08/02/2012,9952
11/06/1999,12983
29/10/1993,17554
19/07/2001,13031
30/11/2005,11454
23/01/2002,18402
02/05/1994,10426
25/11/2004,14990
29/04/1986,13088
04/04/2006,9804
26/06/1990,17241
04/10/2012,6127
14/10/1983,18545
13/06/1995,17612
01/11/1996,8208
04/04/1996,16664
27/01/1988,19687
24/06/2005,19938
18/09/2008,11111
25/06/1999,19215
26/07/2006,16699
18/01/1990,16288
08/06/2005,11477
05/01/1966,14409
12/05/2010,10310
19/11/1998,18085
28/03/2002,14370
29/01/2002,15161
14/07/2000,11484
03/10/2000,11486
06/08/2003,11488
12/04/1978,18562
02/10/1997,15176
07/04/1999,7419
26/03/1984,11495
22/07/2004,18568
15/07/1994,17393
26/08/1981,11500
01/10/1985,18351
01/12/1990,19067
08/01/1996,11504
18/08/1986,11506
10/03/2003,11508
05/04/2002,8839
02/02/2010,11511
21/11/1990,17501
06/05/1992,17312
16/01/2007,7403
01/05/2011,11516
31/01/2006,11518
23/05/1988,13972
04/12/2000,11521
02/06/2003,9319
20/08/1985,11524
13/05/1983,11526
22/04/1988,18585
05/04/1989,11529
10/06/1999,11531
06/06/1984,14456
22/12/2005,16327
06/03/2012,14082
10/03/2011,11536
24/08/1993,17714
15/06/1993,18445
19/03/1986,18435
23/01/2006,18578
24/03/2003,18355
12/09/2002,11544
11/04/2008,16461
14/04/2009,10946
04/08/1992,11548
16/06/2009,5460
14/02/2007,7396
13/05/1998,13926
29/10/2002,13302
18/06/1998,19584
03/11/2004,5573
27/04/1990,18389
22/10/2009,11558
17/02/2000,16178
09/04/1979,11561
21/08/2002,11563
18/06/1982,18595
25/11/1997,7363
09/08/2007,6759
27/12/1999,11569
25/10/2006,11571
22/09/2006,5567
28/09/1999,11178
03/04/2001,7242
24/11/2006,11577
03/04/2009,18604
19/09/2005,11581
17/12/2008,11583
30/10/1989,15365
28/06/1994,11586
10/10/2002,9450
08/09/2003,11589
26/07/2012,11591
02/10/2007,7290
06/09/2004,19253
03/09/2002,10338
08/09/1986,13508
26/01/2007,11598
07/07/1988,18618
19/04/1977,11602
03/08/1972,20217
13/07/2000,19578
09/11/2004,16591
23/07/1987,18626
07/11/1979,18631
09/07/1969,18580
14/08/1992,11614
26/04/1991,17730
27/09/1983,18635
06/01/1975,14876
05/08/2009,6699
18/07/2007,8624
17/12/2007,13776
02/04/1993,8875
27/02/2009,17786
07/07/2009,7638
21/12/2005,13494
13/04/1976,15671
04/06/1992,16970
15/10/2007,11604
06/10/1993,18263
19/02/1970,18135
17/03/1983,11633
21/05/1996,17856
10/03/1987,14050
06/05/2002,11637
24/10/1983,18641
04/03/1991,11641
11/06/1987,18643
06/07/1989,16872
23/05/1991,15449
20/11/1985,19050
03/01/2001,19522
26/01/2010,11649
05/03/2012,6811
16/05/2012,7632
02/12/2008,11653
17/04/2010,14933
05/11/2010,7082
19/04/2011,9921
29/05/2009,11658
31/10/1985,11660
17/06/2011,6445
09/10/1998,14863
12/01/2011,8223
08/06/1983,11665
11/05/2011,7578
13/12/1996,11668
24/05/1989,17920
11/11/1987,20037
04/12/1991,16769
20/11/1992,17337
14/10/1980,17323
29/05/1990,17121
13/07/2006,7597
22/10/2002,11678
18/10/2006,10648
24/10/1988,15329
01/09/1980,11682
22/03/1982,11684
21/02/2001,11686
14/04/1988,16984
17/07/2010,11689
05/11/1982,17273
05/12/1996,11692
22/07/1976,19629
23/09/2011,5700
23/03/2010,11696
14/05/2008,11698
06/05/1998,18650
24/08/2001,9157
19/10/2007,11705
16/02/2007,5324
06/08/2010,11565
24/10/2007,11710
25/04/2001,17173
29/09/1999,10929
19/08/2005,11714
10/05/2007,8017
22/06/2005,11717
22/09/1994,17779
05/12/1997,11720
12/02/1999,11722
24/02/1988,15891
18/03/1985,20031
09/07/2003,11726
11/09/1989,11728
24/04/1985,16173
17/04/1991,8595
07/10/1986,15033
30/06/1995,13208
10/08/2007,14355
16/05/1985,18665
27/07/2009,16097
21/07/1980,19474
18/08/2003,11740
08/01/1988,17025
07/12/2010,7007
12/06/1989,16459
24/03/1994,15380
02/01/1991,11746
01/08/1992,11748
06/02/2002,16037
24/01/1991,8492
07/03/1980,17195
17/05/2010,11753
24/04/1989,19176
05/03/2004,11756
04/02/2003,8188
23/07/1999,19243
19/10/1969,15689
26/06/1979,19187
24/08/1978,18670
26/07/2004,8190
30/09/1992,18129
03/12/1993,11766
12/05/2009,6263
04/01/2001,14765
26/08/1983,18117
22/09/1987,18760
16/08/1984,18674
22/08/1985,11774
27/08/2004,11776
12/12/2011,5259
18/09/1985,13758
25/11/2009,11780
11/10/1976,18680
14/12/1976,19999
10/03/1976,18683
03/09/2007,9208
25/01/2007,11788
15/03/2011,5938
14/01/2000,19743
29/03/1996,11792
21/07/2012,11794
24/06/2010,11796
18/12/1990,11798
15/09/2006,11800
04/01/1991,8952
09/03/2000,11803
05/10/2010,11805
27/07/2000,13469
05/06/2009,6044
23/10/2008,7102
29/05/1996,11810
13/06/1990,19317
24/05/1984,19817
02/03/1988,11814
20/11/1987,20069
15/04/1998,17614
22/10/1987,11818
24/08/2012,8384
19/01/1982,11821
30/01/1992,17895
13/03/2008,4912
20/01/1999,6930
21/07/1998,11826
05/06/1996,6896
30/06/2012,11829
26/03/2008,8940
07/10/1999,11833
01/09/1993,11835
04/05/2010,8529
27/12/1996,7693
07/04/2004,13481
19/10/1990,18344
20/07/2009,13492
31/03/1995,11387
08/03/1995,14153
24/07/1984,7560
21/12/2006,7032
09/10/2003,11848
13/09/2010,9051
01/08/2001,11851
07/05/2001,8869
25/03/1987,11854
24/03/1981,11856
05/09/2006,11782
02/03/2011,5220
30/07/1987,13510
11/11/2010,6869
22/06/2007,10917
03/04/1992,19027
13/06/2003,11866
28/03/1984,11868
09/04/2001,11870
09/04/1980,11872
09/05/2002,11874
06/04/1994,11876
12/09/2005,11878
30/04/2004,11880
16/12/2004,7904
07/02/1990,20163
07/06/1990,8831
16/06/2005,13532
20/04/2004,11887
18/04/1994,11889
03/06/1994,11891
13/09/1990,19851
15/01/2008,13540
22/07/1986,20071
27/06/2001,11897
24/07/1998,18082
04/06/2003,13145
13/02/1996,16644
06/01/2009,11902
27/09/1999,14656
19/08/1988,18019
01/08/1995,10814
26/02/2008,11908
12/08/2008,8058
30/10/2010,11911
27/11/1981,11913
14/03/2007,11915
11/08/2004,18714
14/07/1977,20211
14/02/1995,8149
26/04/2005,5416
27/12/1990,11922
05/10/1988,11924
29/09/2010,5479
13/12/2006,11927
23/02/1999,15078
22/04/1999,11930
10/01/2007,9025
24/05/2007,6631
01/12/2006,5402
10/02/2000,19160
09/03/1981,16879
12/03/2012,5225
24/10/1990,11938
14/03/1997,14046
30/01/2004,11941
10/05/1989,11943
16/04/1993,19372
28/05/1990,6274
26/04/2011,7185
07/10/1993,10232
22/05/1992,13597
28/03/1996,11951
15/02/1996,11953
26/03/1976,17065
09/01/1996,16041
18/10/2001,13604
06/12/1984,13616
29/01/1988,13623
08/11/1990,18647
03/08/2012,10196
07/08/1990,18839
05/03/1991,18535
13/02/1991,18911
30/09/2003,7654
16/07/2009,5489
28/04/2010,6818
21/03/1977,18905
04/03/1992,18652
16/04/2009,11974
25/06/2009,8367
26/10/2010,4920
20/12/1999,15813
22/06/1993,16747
16/12/1986,17870
01/06/2010,6147
29/06/1979,17515
13/06/1996,16651
04/05/1999,17175
13/02/2012,11985
02/07/2009,14541
30/08/2005,6343
09/03/1999,11989
24/05/2004,11362
02/12/1977,15060
25/05/1998,10771
15/12/2000,6720
17/10/1990,11995
01/03/2004,13797
21/05/1999,11998
20/05/1994,18365
26/08/1970,17154
09/10/2000,14730
20/07/2011,5984
21/09/2009,4910
16/10/1997,12005
17/02/2010,10070
13/09/2004,12008
03/10/2005,12010
18/04/2012,6012
27/04/1989,17334
07/02/2007,15464
27/04/2010,12015
15/07/2008,7187
23/05/1990,17319
30/09/1983,18739
13/06/2005,12021
25/05/1994,20250
16/12/1994,12024
27/12/2005,6005
15/06/1999,4857
26/07/1976,18751
17/01/2003,16919
30/07/2003,18302
21/05/2008,13398
28/07/2005,12034
23/08/2006,18881
03/08/2011,8373
29/02/2000,12038
03/07/2012,6025
22/02/1985,16893
18/06/2003,12042
24/01/1995,17395
05/05/2003,12045
27/11/1998,12047
21/10/1999,12049
05/11/1999,12051
21/02/2003,12053
07/07/2003,9776
27/11/1990,19696
13/04/2000,12057
01/01/1997,12060
04/07/1986,18774
03/12/2004,12064
24/10/1980,18780
13/08/1998,7713
27/09/1993,18784
27/05/2003,7444
26/11/2003,17947
10/11/2000,17882
27/10/2004,15583
11/03/1983,16901
15/04/1991,20151
14/10/1986,17487
07/07/1987,19239
04/06/2008,12079
24/03/2010,9014
15/06/1977,13646
10/07/2004,12083
02/01/2011,16258
04/10/2007,12087
06/05/2008,8028
04/08/2008,12090
03/08/2007,13653
27/04/1983,18427
08/06/2010,5600
16/04/2008,7146
17/06/2005,12097
03/04/1997,15917
18/08/1994,17227
28/06/1990,12101
07/08/2001,17467
23/09/2002,17979
07/12/2009,6375
02/06/2004,17695
29/12/2010,11960
18/05/1990,13671
19/08/2010,6227
11/11/1983,12111
04/08/2010,7850
07/10/1992,12114
11/05/2005,9433
19/03/1971,12117
19/11/1992,12119
03/09/2004,9737
12/06/1984,19921
24/11/1997,12123
23/02/1996,13696
16/04/2007,12127
24/11/2010,8989
18/04/1991,12131
07/04/1998,12133
11/01/1990,14555
20/03/2006,12136
04/07/1974,19780
16/12/1992,12393
11/09/1998,12140
20/05/2012,12142
26/04/1974,14878
09/03/2001,12145
21/06/1988,18467
28/05/2009,14242
15/12/2003,18737
29/12/1975,12150
14/12/2001,10325
09/09/2010,12153
09/01/2000,12155
30/03/2011,5161
14/07/2011,9126
09/11/1983,18550
16/11/2010,10289
29/07/1997,16079
19/08/2008,12162
01/06/1990,12164
25/02/1999,12166
18/11/1981,14606
17/06/2002,12169
18/03/1967,12171
06/08/2009,9714
29/08/1996,12174
02/05/2007,12176
17/10/2003,12178
24/03/2009,12180
19/01/1979,8098
14/05/1982,18506
06/11/1996,12184
18/04/1998,12186
19/07/2002,12029
19/11/2003,7037
12/08/1992,12190
30/05/2008,16489
28/06/2006,9036
01/06/1989,17278
17/04/2008,12195
03/09/1992,18842
05/10/1992,12199
08/09/2009,12201
04/09/1991,18852
28/02/2011,8721
30/06/2006,9130
10/03/1978,12207
28/04/1967,12209
23/01/1987,12211
17/09/1991,12213
19/08/1975,14952
05/01/1982,12217
11/07/2001,12219
17/05/1971,13756
14/04/1976,20001
15/07/2005,20195
04/11/2008,12225
14/10/1991,19785
18/02/2011,12228
26/03/2010,9807
19/05/1994,13534
14/01/2001,17942
28/08/2008,12233
05/07/1999,13813
24/08/2009,7737
18/11/2010,6609
05/09/1984,17988
13/08/1996,12239
07/07/2008,12241
28/07/1980,14420
18/02/2010,12244
18/05/2011,10239
10/12/1987,12247
07/05/1992,16856
11/11/1986,9975
17/01/2006,5193
23/06/1986,12252
15/04/2011,9748
22/01/1968,19193
07/05/1979,19560
31/10/1994,12257
01/08/1993,14007
13/03/1985,7046
27/09/1973,17668
07/05/1987,17497
07/05/2012,6204
04/09/1995,9913
03/12/2007,6590
03/09/1987,18850
04/11/2010,5345
09/06/2010,12268
04/08/2005,13774
21/03/1991,18255
12/09/1994,12273
22/01/2003,13786
30/08/1983,12277
05/11/1998,13789
19/01/1998,12281
21/01/1988,15389
06/05/2006,12284
30/10/2006,5059
01/02/2005,12287
25/03/2004,12289
13/11/1986,12291
29/05/1985,16721
03/02/2003,12203
02/09/1996,16279
25/08/1997,11021
23/03/2011,5477
21/03/1986,12298
15/09/1997,11732
09/09/2009,10171
26/07/1988,18021
23/04/2010,12125
14/12/2010,11772
02/03/1994,12305
24/08/1998,13842
07/07/1966,18817
08/07/2008,16676
05/11/1992,18999
22/05/2012,5475
13/06/2012,5914
30/05/2011,8761
25/02/1987,16758
10/02/2012,12316
18/07/1996,19265
23/07/2009,12319
24/11/2007,12321
17/10/2006,9402
11/12/2006,8371
25/11/2008,12325
20/09/1995,14030
01/12/1987,14785
03/09/1997,5978
29/08/2006,17388
18/03/2003,12331
18/12/1980,12333
14/08/2001,12579
24/06/1999,12336
09/08/2000,13878
22/06/2012,6476
27/11/1996,16307
09/07/1984,18864
27/05/1983,18324
03/11/1986,9605
29/03/1995,18871
17/04/2006,11762
26/02/2010,5510
19/09/1986,19275
27/07/1976,19828
21/07/1993,18560
24/04/1973,12354
10/10/1990,12356
09/12/1987,12358
09/02/2011,7150
24/02/1989,12362
08/07/2009,13784
15/02/2001,12366
02/04/1985,12368
11/04/1990,7941
20/05/1983,12371
21/09/1981,19035
23/05/2001,16144
02/04/2012,9859
29/09/1975,20143
23/09/1992,13989
23/04/1999,12378
13/09/1996,16891
10/11/1998,12381
23/08/2012,12383
08/10/2011,12385
10/11/1982,16742
16/07/1997,5016
18/02/1983,16797
01/10/1990,12390
19/05/2004,10358
14/10/2005,13928
04/11/1993,10837
09/07/2008,17180
30/05/2006,16496
08/05/2007,12398
17/07/1986,12400
20/07/1989,17656
01/03/1989,16989
15/07/2004,6981
08/05/2010,12405
07/12/1988,17020
16/02/2004,16347
10/07/2006,6916
23/08/1977,19384
06/10/2006,12411
05/12/2006,12413
19/12/2006,10890
16/04/1991,17283
09/03/1993,18315
06/12/1988,18907
30/03/1998,8503
12/08/1997,12422
05/08/1999,12424
17/07/1967,18968
27/09/1967,18914
16/09/1999,12429
21/06/1991,9599
05/03/1998,12432
06/10/1997,12434
03/01/1995,12436
05/02/2010,6436
20/08/1996,12439
20/01/1997,8772
31/05/1999,12442
01/10/2007,11541
01/03/2012,6836
17/08/2001,5829
24/04/2001,9770
14/03/1980,18925
19/01/1989,12450
16/04/2003,12452
31/01/2001,12454
03/08/1981,12456
09/07/2012,8078
08/11/1991,12459
07/03/2007,14855
27/12/2001,12462
20/06/2011,9863
24/02/2000,12465
01/03/1997,17643
04/07/2012,5991
02/07/1992,13698
09/11/2010,6821
21/10/1997,15811
07/10/1977,16932
01/06/2000,9242
07/05/1975,18113
28/12/2010,5604
19/07/1978,17736
02/12/1999,12478
14/01/2003,12480
23/03/1998,15957
12/11/1982,18490
19/07/1988,12484
22/05/2000,14893
04/07/2011,8807
18/01/1978,18667
12/04/2010,12489
26/03/2007,16408
18/03/1998,15884
04/03/2008,11357
05/11/2001,7336
30/10/1985,12497
10/07/2012,15043
08/06/2001,12500
25/01/2006,12502
24/02/1986,12504
19/09/1983,12506
08/08/2011,6099
28/04/2011,11313
22/01/1971,14619
30/09/2009,7916
22/03/1985,14889
09/10/1985,12513
20/04/2001,12515
06/07/2006,12517
17/07/1992,15085
29/09/2003,12521
12/06/2012,6545
07/03/1994,18976
11/03/2011,9394
24/03/1997,13942
06/06/1979,19679
27/07/1995,8546
03/11/1994,12530
21/03/1995,12532
01/09/2011,7455
16/06/2010,6244
26/05/1993,12538
28/07/2008,16463
09/02/1998,17599
07/03/2001,12542
22/02/1995,19558
02/08/1991,14016
19/05/1999,12547
02/04/2010,12549
17/07/1980,18328
11/08/1977,18961
03/08/1990,12555
15/03/1989,18963
30/10/1996,9044
07/05/1996,18050
04/08/2004,15848
23/08/2002,12562
09/02/1978,18970
02/08/2005,12566
20/06/1983,12568
25/06/1993,12570
13/12/1999,12572
17/02/1995,13558
11/07/1994,12575
10/02/2009,10073
19/09/2000,18747
05/11/1986,18982
16/02/2012,7969
01/08/2008,5850
24/11/1999,19970
31/03/2004,4894
16/01/2004,14080
21/08/2010,12586
18/09/2001,12588
22/09/1988,5946
07/12/1994,12591
05/05/1999,15564
16/11/2007,12594
28/09/1984,17285
26/08/1982,18992
17/01/2005,12599
29/09/2004,12601
14/03/1991,12604
19/03/2004,15728
12/11/1998,12607
29/07/1986,19001
19/06/1984,12611
26/07/1977,17088
10/12/2001,12615
27/10/1989,12617
23/07/2003,12619
19/03/1982,12621
04/12/1987,15469
31/01/2011,6787
09/04/1969,20066
27/07/1977,19012
04/12/2008,7848
27/06/2002,12629
05/12/1991,19494
18/04/2000,12632
03/01/2007,16111
08/04/2011,11885
21/10/1993,12636
16/02/2011,7888
18/06/1990,19021
17/07/1979,16907
20/02/1992,16297
24/11/1987,17689
29/08/2002,13528
03/03/1993,19024
15/10/2008,12649
08/06/2009,13716
25/04/2011,12652
14/06/2010,5869
19/11/2004,13638
04/02/1974,12657
21/08/1991,19033
24/04/2002,12661
03/08/2009,5237
01/10/2003,12664
29/03/1977,19808
03/03/2004,13711
22/05/1995,8505
25/08/1994,18645
26/09/1977,12670
19/03/1990,20156
11/12/2009,10068
14/08/2008,12674
08/04/1983,12676
03/04/2007,6208
09/10/1987,19815
09/10/2008,10927
10/11/2006,12681
14/12/1995,16515
19/11/2011,12684
09/09/1988,18916
06/12/1979,12687
27/08/1992,16547
26/07/1995,18862
09/12/2005,12691
18/06/2007,12693
17/06/1987,12695
05/10/1999,12697
07/02/1984,19088
26/06/2008,12700
18/12/1981,17214
12/08/2011,9027
04/07/2007,14067
28/12/2005,14592
03/04/2002,15778
08/07/1980,14396
19/06/2012,8645
28/09/1989,18659
19/09/2007,8923
10/08/2006,11019
16/12/2009,15809
09/11/1992,9869
20/08/2012,5579
29/12/2005,12564
24/02/2006,11342
25/07/1978,18815
29/08/2007,14074
19/04/1990,13439
16/09/2009,7013
14/09/2011,5458
12/09/2011,10203
13/01/2010,5487
05/08/1988,19737
04/03/1996,13674
29/07/1985,17788
20/12/1996,12729
18/03/1991,12731
05/09/2007,12733
10/01/1990,14085
12/09/2007,12737
07/03/1997,17872
08/08/1986,17810
17/06/2003,18144
09/02/1993,19520
23/04/1991,18931
19/11/1971,18496
17/12/1992,18477
20/07/2000,5422
04/11/1985,12748
22/09/1995,14125
04/12/2007,6272
08/11/1994,12753
20/05/1996,6050
09/10/2006,18193
20/10/1997,11464
30/05/2000,12760
19/09/1984,16976
05/01/1972,14145
24/03/1986,12765
19/10/2005,5890
17/04/2009,10185
04/06/2009,9012
08/12/1995,17390
15/03/2005,7375
29/04/1992,17182
14/01/2004,12773
06/07/2009,13459
23/04/2008,12776
19/05/2005,8587
26/04/2007,12779
13/02/2011,10684
30/01/2007,12782
15/04/2005,12784
11/08/2005,12786
20/08/1984,12788
05/04/1983,14767
10/07/2002,12791
19/02/2003,12793
15/03/2004,12795
25/04/2000,8535
01/12/2011,10138
07/08/1991,16995
20/07/1995,19847
04/09/2008,12801
30/04/1980,14165
26/09/2008,13917
03/08/2000,18885
17/11/2008,5714
08/03/1984,18956
21/01/2008,13871
12/07/1979,14828
04/10/1982,16693
22/11/2001,4962
08/11/1983,18672
19/07/2011,8705
14/01/2008,12815
30/04/2009,4888
23/01/2011,14787
07/01/2012,12819
06/06/1989,14173
11/07/2011,7721
22/05/2003,6998
18/05/1976,14180
10/05/2005,12827
10/11/1966,17620
14/10/2011,9960
25/05/2009,16119
19/09/1979,20257
26/07/1984,12833
14/02/2012,4827
20/04/2007,16929
15/08/2011,8403
08/03/1976,12839
05/07/2001,12841
18/06/2012,6702
15/08/1985,12844
16/12/2006,14598
21/05/1991,12847
02/03/2009,6113
20/07/1993,12850
17/04/1996,15130
28/09/1978,17531
04/02/1991,12854
17/07/2004,18229
14/02/1991,12857
02/05/1995,11490
29/10/2010,5273
19/01/1978,18656
06/10/2000,12862
11/01/1979,12864
30/08/2011,6253
02/08/1989,12868
01/03/1990,19830
30/06/1987,19191
31/03/2010,12557
26/08/2010,14202
22/11/2007,12874
16/07/2007,14213
09/05/2012,7254
02/10/1981,17663
23/08/1995,12880
06/09/1995,10054
28/11/2000,6548
27/08/2007,10852
27/01/1981,18763
24/08/1982,12886
08/03/1999,12888
15/05/1998,12890
28/11/2006,8286
02/06/1988,19654
20/06/2012,7090
19/12/1994,17638
25/04/1995,12896
28/11/2008,7657
20/04/1989,12899
06/05/1976,19104
25/07/2002,12903
22/02/2005,12905
21/12/1994,12907
31/10/1996,16578
28/11/1980,19114
25/07/1983,12912
11/05/2006,12019
23/02/1990,12915
22/07/1982,17219
16/08/1994,14976
27/11/2006,7050
08/04/1990,19308
12/07/2011,5156
17/10/2002,15416
28/11/2007,12923
23/08/2011,6838
10/01/2001,11617
15/02/1977,20023
22/01/1973,12928
13/09/2006,12930
26/08/2005,12932
21/03/2010,14232
08/10/1992,12936
17/12/1984,5833
26/06/1989,14240
18/09/1979,12941
14/12/1993,8815
09/05/2005,7798
27/12/2010,9238
14/04/2005,15496
28/09/1993,7908
17/06/2004,12950
05/07/2004,14256
27/10/2010,6560
10/07/2007,12955
14/04/1982,19153
03/08/1982,14798
21/03/2007,14262
05/11/1966,18157
12/12/1991,15149
03/10/2003,12963
20/02/2008,15764
04/04/1974,12966
23/04/2012,7449
03/10/2012,11228
04/07/1988,11672
13/09/1983,19085
13/08/1991,12972
02/03/2001,18148
29/09/1997,14267
17/03/2000,14277
09/03/2006,11639
15/07/1988,13432
18/12/1986,12981
26/06/1986,19173
11/10/1995,15119
10/04/1985,20214
23/04/1998,19881
04/03/1999,7727
23/11/1979,16614
01/03/2010,12990
22/02/2002,12992
14/01/2011,12994
31/12/1970,17006
31/03/2003,12997
20/03/1979,17595
19/05/2010,12639
16/03/2007,13001
06/04/1995,16251
18/04/1996,9526
22/08/1986,19189
08/12/2010,7160
26/08/1988,14458
20/11/1986,15166
12/07/1982,17590
14/08/2011,7581
06/01/2000,5169
09/10/2001,13013
06/02/2006,13015
01/07/1997,8707
18/02/1992,13018
24/09/1991,13020
12/08/2009,13022
15/04/1986,16674
15/05/1989,13025
13/06/2008,13713
28/02/2007,12647
20/11/2001,13029
24/09/1990,19209
20/06/2000,18285
16/09/1993,19147
19/05/1980,19610
14/10/2008,13037
01/03/1994,14808
27/01/2006,13040
09/01/1991,19908
28/11/1995,12763
08/08/2002,13044
23/03/1995,14783
18/02/2005,13047
26/11/1987,18360
10/10/1980,19213
27/12/1995,13052
04/06/1998,13054
13/05/2004,13056
07/06/2011,6432
08/04/2008,6393
24/10/1996,5932
27/06/1994,16361
02/07/1976,18767
25/03/2008,13063
02/02/2012,13065
20/12/1994,19057
11/03/2010,13068
03/12/1975,19029
29/01/2010,15526
07/08/1986,13072
15/12/2008,13074
28/09/1981,19803
19/06/1991,8943
18/03/2008,15792
13/01/1998,18287
20/01/2012,16366
14/12/1998,19222
23/04/2009,11269
17/09/2007,9759
16/09/2003,15012
17/09/2008,13086
29/04/2002,19227
28/09/2010,13090
06/04/1998,12545
22/10/1979,13542
02/06/2000,14301
02/12/1997,14473
23/03/1993,11553
17/07/1998,10412
21/03/1989,14771
09/06/2005,13100
05/02/1980,19776
15/05/2000,9996
21/10/1987,11431
15/10/2010,5199
20/07/1988,13106
16/09/1994,14346
13/09/1994,14357
09/10/2012,13108
19/10/2012,13113
10/09/2012,5625
09/11/1999,19551
20/07/2005,10630
29/12/1995,13118
29/01/1982,18937
17/05/2002,13121
07/10/1998,13123
24/02/1994,13125
30/04/2001,13127
16/02/1979,20233
29/10/1992,11596
15/08/2008,14389
08/02/1979,19683
28/05/1999,16180
19/08/1986,9204
09/09/2011,6327
10/03/1997,8409
28/01/1997,13891
13/06/1991,17128
04/11/1987,17343
07/01/1974,13142
11/08/1967,19811
30/06/1996,14394
23/02/2007,4916
27/05/2011,13149
03/09/1986,19993
22/02/2007,8974
18/06/1986,18620
15/01/2010,14279
23/03/2006,13155
11/10/1988,19870
29/04/1988,14400
20/08/2002,13161
07/08/2002,14404
19/12/1997,13165
14/12/1994,16619
08/06/2000,12427
23/02/2001,13936
27/10/1997,13170
27/04/2000,13172
25/11/1976,17434
26/01/2005,13176
18/11/1994,13178
04/03/1983,17189
28/03/2008,12872
12/03/2008,13182
30/01/1989,13184
22/04/1987,17317
04/02/1999,13186
16/02/1990,13188
18/07/1994,13987
19/10/1978,19904
07/06/1996,13192
04/05/2011,6743
09/02/2000,19980
23/04/1996,17448
09/10/1974,18257
07/06/2004,17539
20/09/1993,13199
17/06/1996,5351
25/09/2000,13202
30/01/2012,8700
13/04/1977,19539
28/03/2007,14496
01/11/2010,8326
14/11/1969,14428
19/05/2009,5811
10/03/1993,17157
08/12/2003,9457
02/07/1998,14902
25/03/1975,13215
23/07/1996,9056
17/09/2009,8718
05/07/2000,20109
18/04/1990,13220
17/10/1979,13222
20/03/1989,13224
28/04/1992,13226
15/04/1999,13228
24/10/1986,18600
13/09/1977,20137
19/08/1981,19621
12/03/1981,13233
24/05/1993,9552
16/01/2012,12307
05/07/2006,14012
22/07/2010,13239
15/04/2002,8319
07/11/1967,13242
29/04/2004,8552
15/02/2012,6079
02/04/1998,13246
14/05/2010,7114
19/08/1999,17382
09/03/1994,17315
12/03/2010,5754
03/12/1981,17606
01/01/1976,8902
19/04/2007,14461
08/07/2005,19267
20/10/2008,10043
14/06/2006,12092
06/10/1970,19312
22/07/2002,13259
25/08/1988,19952
09/08/2006,8035
30/11/2001,10347
09/01/2004,5301
22/02/2006,9865
04/09/2001,13266
02/06/2011,10300
09/04/2012,6158
04/06/1991,14478
25/09/1979,17302
13/09/2005,15804
26/04/2001,7142
12/06/1992,15823
01/02/2010,6440
18/01/2006,13278
21/02/2011,13280
27/09/2012,5550
11/06/1991,13283
06/09/2002,13286
18/07/2012,6301
17/02/1998,13289
08/02/2007,13291
01/08/1990,13293
17/12/2004,10307
31/07/1981,13296
09/02/1980,19671
14/12/1992,14487
11/06/2010,4926
09/12/1977,19272
10/04/2003,17521
08/10/1986,17891
27/03/2007,9764
15/08/1994,18879
20/06/2006,13308
08/08/2006,13584
10/11/2004,15295
12/06/1996,6160
03/02/2004,13313
26/11/2004,8112
15/06/1998,15573
28/08/2009,13317
26/07/2005,13319
04/01/1999,17744
06/01/1988,13322
11/05/1990,20025
23/09/1985,16895
25/05/2005,6619
19/11/1987,19344
13/07/1995,14701
20/02/2006,13331
26/08/1994,20189
15/05/2001,13334
26/09/2006,10637
24/03/1993,13337
22/06/2009,10623
07/11/1996,13340
13/06/1984,16453
15/10/1987,18509
13/02/1970,13345
25/04/2002,15649
17/05/2000,13348
22/01/2008,13350
14/12/1989,15208
18/02/2000,14230
12/01/1981,13998
05/06/2007,11894
21/08/2007,13356
16/12/2003,14437
13/03/2003,19241
08/09/2011,9072
23/06/2010,6363
13/05/2008,6686
26/01/1984,7417
08/01/2007,10538
21/08/1992,14527
07/07/1992,19340
20/01/2004,13367
02/08/1995,13750
30/10/2000,12279
11/10/1982,19490
28/06/2005,13372
31/07/2003,13374
31/08/2006,10608
03/01/2011,10827
06/10/2011,10234
17/04/2001,17969
02/12/1985,13380
02/06/1976,17719
28/09/2000,12910
15/08/1991,18032
19/03/1973,13385
09/11/1993,16833
26/08/1999,13741
11/11/2008,13390
01/12/2008,5185
18/01/1985,20129
18/04/1974,13395
15/09/1999,13625
01/10/1986,19352
07/11/2000,13400
19/12/2011,13402
01/04/1980,13404
08/07/1988,13406
09/09/2008,13408
26/10/1979,18348
04/04/1990,18250
03/11/2011,10963
02/06/1998,18183
21/08/1967,19488
07/02/2006,13415
